settled_date,league,home_team,away_team,market,bets,staked,profit_loss,roi_pct,pdf_proof
2026-02-28,Bundesliga,Borussia Mönchengladbach,Union Berlin,OU,2,200,298,149,https://wykjlhbsxparltxazxmk.supabase.co/storage/v1/object/public/bets-pdf/1388517_ou_24.01.2026%20Union%20Berlin%20vs%20Borussia%20Dortmund.pdf
2026-02-28,Ligue 1,Monaco,Angers,OU,3,300,206,68.7,https://wykjlhbsxparltxazxmk.supabase.co/storage/v1/object/public/bets-pdf/1387910_ou_28.01.2026%20AS%20Monaco%20vs%20Angers.pdf
2026-03-01,La Liga,Elche,Espanyol,OU,1,40,19.4,48.5,https://wykjlhbsxparltxazxmk.supabase.co/storage/v1/object/public/bets-pdf/1391071_ou_01.03.2026%20Elche%20vs%20RCD%20Espanyol%20(OU).pdf
2026-03-01,Premier League,Arsenal,Chelsea,OU,3,300,288,96,https://wykjlhbsxparltxazxmk.supabase.co/storage/v1/object/public/bets-pdf/1379239_ou_01.03.2026%20Arsenal%20vs%20Chelsea.pdf
2026-03-12,UEFA Champions League,Paris Saint Germain,Chelsea,OU,3,300,242,80.7,https://wykjlhbsxparltxazxmk.supabase.co/storage/v1/object/public/bets-pdf/1528320_ou_11.03.2026%20Paris%20Saint%20Germain%20vs%20Chelsea.pdf
2026-03-12,UEFA Champions League,Real Madrid,Manchester City,OU,3,300,-300,-100,https://wykjlhbsxparltxazxmk.supabase.co/storage/v1/object/public/bets-pdf/1528318_ou_11.03.2026%20Real%20Madrid%20vs%20Manchester%20City.pdf
2026-03-17,La Liga,Girona,Athletic Club,OU,1,21,19.11,91,https://wykjlhbsxparltxazxmk.supabase.co/storage/v1/object/public/bets-pdf/1391093_ou_14.03.2026%20Girona%20vs%20Athletic%20Bilbao%20(OU).pdf
2026-03-17,UEFA Champions League,Manchester City,Real Madrid,OU,3,300,144,48,https://wykjlhbsxparltxazxmk.supabase.co/storage/v1/object/public/bets-pdf/1528326_ou_11.03.2026%20Real%20Madrid%20vs%20Manchester%20City.pdf
2026-03-23,Premier League,Fulham,Burnley,OU,3,293,-293,-100,https://wykjlhbsxparltxazxmk.supabase.co/storage/v1/object/public/bets-pdf/1379273_ou_21.03.2026%20Fulham%20vs%20Burnley.pdf
2026-03-23,La Liga,Espanyol,Getafe,OU,3,300,255,85,https://wykjlhbsxparltxazxmk.supabase.co/storage/v1/object/public/bets-pdf/1391103_ou_21.03.2026%20RCD%20Espanyol%20vs%20Getafe%20CF.pdf
2026-03-23,La Liga,Levante,Oviedo,OU,3,300,290,96.7,https://wykjlhbsxparltxazxmk.supabase.co/storage/v1/object/public/bets-pdf/1391104_ou_21.03.2026%20Levante%20UD%20vs%20Real%20Oviedo.pdf
2026-04-10,Serie A,Sassuolo,Cagliari,OU,1,100,100,100,https://wykjlhbsxparltxazxmk.supabase.co/storage/v1/object/public/bets-pdf/1378171_ou_04.04.2026%20Sassuolo%20vs%20Cagliari%20(OU).pdf
2026-04-12,La Liga,Elche,Valencia,OU,1,100,84,84,https://wykjlhbsxparltxazxmk.supabase.co/storage/v1/object/public/bets-pdf/1391122_ou_11.04.2026%20Elche%20vs%20Valencia%20CF%20(ou).pdf
2026-04-12,Serie A,Atalanta,Juventus,OU,2,200,-17,-8.5,https://wykjlhbsxparltxazxmk.supabase.co/storage/v1/object/public/bets-pdf/1378174_ou_11.04.2026%20Atalanta%20vs%20Juventus%20(ou).pdf
2026-04-12,Ligue 1,Rennes,Angers,OU,2,200,-200,-100,https://wykjlhbsxparltxazxmk.supabase.co/storage/v1/object/public/bets-pdf/1387957_ou_11.04.2026%20Stade%20Rennais%20vs%20Angers%20(ou).pdf
2026-04-12,Bundesliga,RB Leipzig,Borussia Mönchengladbach,OU,1,100,77,77,https://wykjlhbsxparltxazxmk.supabase.co/storage/v1/object/public/bets-pdf/1388565_ou_11.04.2026%20RB%20Leipzig%20vs%20Borussia%20Monchengladbach%20(ou).pdf
2026-04-12,Premier League,Brentford,Everton,OU,2,200,169,84.5,https://wykjlhbsxparltxazxmk.supabase.co/storage/v1/object/public/bets-pdf/1379280_ou_11.04.2026%20Brentford%20vs%20Everton%20(ou).pdf
2026-04-13,La Liga,Athletic Club,Villarreal,OU,1,100,45,45,https://wykjlhbsxparltxazxmk.supabase.co/storage/v1/object/public/bets-pdf/1391119_ou_12.04.2026%20Athletic%20Bilbao%20vs%20Villarreal%20CF%20(OU).pdf
2026-04-13,Serie A,Como,Inter,OU,3,300,289,96.3,https://wykjlhbsxparltxazxmk.supabase.co/storage/v1/object/public/bets-pdf/1378177_ou_12.04.2026%20Como%20vs%20Inter%20Milan%20(OU).pdf
2026-04-13,Serie A,Fiorentina,Lazio,OU,1,100,89,89,https://wykjlhbsxparltxazxmk.supabase.co/storage/v1/object/public/bets-pdf/1378178_ou_14.04.2026%20Fiorentina%20vs%20Lazio%20(ou).pdf
2026-04-15,UEFA Champions League,Bayern München,Real Madrid,OU,1,100,-50,-50,https://wykjlhbsxparltxazxmk.supabase.co/storage/v1/object/public/bets-pdf/1534911_ou_16.04.2026%20Bayern%20Munchen%20vs%20Real%20Madrid%20(ou).pdf
2026-04-15,UEFA Champions League,Bayern München,Real Madrid,OU,1,82,87.4,106.6,https://wykjlhbsxparltxazxmk.supabase.co/storage/v1/object/public/bets-pdf/1534911_ou_16.04.2026%20Bayern%20Munchen%20vs%20Real%20Madrid%20(ou).pdf
2026-04-19,Bundesliga,Union Berlin,VfL Wolfsburg,OU,2,200,0,0,https://wykjlhbsxparltxazxmk.supabase.co/storage/v1/object/public/bets-pdf/1388576_ou_18.04.2026%20Union%20Berlin%20vs%20VfL%20Wolfsburg%20(ou).pdf
2026-04-19,Bundesliga,Eintracht Frankfurt,RB Leipzig,OU,1,100,116,116,https://wykjlhbsxparltxazxmk.supabase.co/storage/v1/object/public/bets-pdf/1388572_ou_18.04.2026%20Eintracht%20Frankfurt%20vs%20RB%20Leipzig%20(ou).pdf
2026-04-19,Serie A,AS Roma,Atalanta,OU,1,100,-100,-100,https://wykjlhbsxparltxazxmk.supabase.co/storage/v1/object/public/bets-pdf/1378190_ou_18.04.2026%20AS%20Roma%20vs%20Atalanta%20(ou).pdf
2026-04-19,Ligue 1,Angers,Le Havre,OU,1,100,-100,-100,https://wykjlhbsxparltxazxmk.supabase.co/storage/v1/object/public/bets-pdf/1387959_ou_18.04.2026%20Angers%20vs%20Le%20Havre%20(ou).pdf
2026-04-19,Bundesliga,FC St. Pauli,1. FC Köln,OU,1,100,101,101,https://wykjlhbsxparltxazxmk.supabase.co/storage/v1/object/public/bets-pdf/1388575_ou_17.04.2026%20St.%20Pauli%20vs%20FC%20Koln%20(ou).pdf
2026-04-19,Serie A,AS Roma,Atalanta,OU,2,500,-500,-100,https://wykjlhbsxparltxazxmk.supabase.co/storage/v1/object/public/bets-pdf/1378190_ou_18.04.2026%20AS%20Roma%20vs%20Atalanta%20(ou).pdf
2026-04-19,Ligue 1,Angers,Le Havre,OU,2,500,-500,-100,https://wykjlhbsxparltxazxmk.supabase.co/storage/v1/object/public/bets-pdf/1387959_ou_18.04.2026%20Angers%20vs%20Le%20Havre%20(ou).pdf
2026-04-19,Premier League,Chelsea,Manchester United,OU,1,250,-250,-100,https://wykjlhbsxparltxazxmk.supabase.co/storage/v1/object/public/bets-pdf/1379291_ou_12.04.2026%20Chelsea%20vs%20Manchester%20City%20(1x2).pdf
2026-04-19,Bundesliga,Eintracht Frankfurt,RB Leipzig,OU,3,750,170,22.7,https://wykjlhbsxparltxazxmk.supabase.co/storage/v1/object/public/bets-pdf/1388572_ou_18.04.2026%20Eintracht%20Frankfurt%20vs%20RB%20Leipzig%20(ou).pdf
2026-04-19,Ligue 1,Lille,Nice,OU,1,250,-250,-100,https://wykjlhbsxparltxazxmk.supabase.co/storage/v1/object/public/bets-pdf/1387961_ou_18.04.2026%20Lille%20OSC%20vs%20OGC%20Nice.pdf
2026-04-19,Premier League,Tottenham,Brighton,OU,1,250,240,96,https://wykjlhbsxparltxazxmk.supabase.co/storage/v1/object/public/bets-pdf/1379298_ou_18.04.2026%20Tottenham%20Hotspur%20vs%20Brighton%20And%20Hove%20Albion.pdf
2026-04-19,Bundesliga,Union Berlin,VfL Wolfsburg,OU,1,250,0,0,https://wykjlhbsxparltxazxmk.supabase.co/storage/v1/object/public/bets-pdf/1388576_ou_18.04.2026%20Union%20Berlin%20vs%20VfL%20Wolfsburg%20(ou).pdf
2026-04-20,Ligue 1,Strasbourg,Rennes,OU,1,250,-250,-100,https://wykjlhbsxparltxazxmk.supabase.co/storage/v1/object/public/bets-pdf/1387967_ou_19.04.2026%20RC%20Strasbourg%20vs%20Stade%20Rennais%20(ou).pdf
2026-04-20,Premier League,Nottingham Forest,Burnley,OU,2,500,525,105,https://wykjlhbsxparltxazxmk.supabase.co/storage/v1/object/public/bets-pdf/1379297_ou_19.04.2026%20Nottingham%20Forest%20vs%20Burnley%20(hdp).pdf
2026-04-20,Ligue 1,Metz,Paris FC,OU,1,250,0,0,https://wykjlhbsxparltxazxmk.supabase.co/storage/v1/object/public/bets-pdf/1387963_ou_19.04.2026%20Metz%20vs%20Paris.pdf
2026-04-20,Premier League,Manchester City,Arsenal,OU,3,783,-533,-68.1,https://wykjlhbsxparltxazxmk.supabase.co/storage/v1/object/public/bets-pdf/1379295_ou_19.04.2026%20Manchester%20City%20vs%20Arsenal%20(ou).pdf
2026-04-20,Bundesliga,SC Freiburg,1. FC Heidenheim,OU,2,604,-52,-8.6,https://wykjlhbsxparltxazxmk.supabase.co/storage/v1/object/public/bets-pdf/1388573_ou_19.04.2026%20SC%20Freiburg%20vs%20FC%20Heidenheim%201846%20(ou).pdf
2026-04-20,Bundesliga,Borussia Mönchengladbach,FSV Mainz 05,OU,1,250,100,40,https://wykjlhbsxparltxazxmk.supabase.co/storage/v1/object/public/bets-pdf/1388571_ou_13.02.2026%20Borussia%20Dortmund%20vs%20FSV%20Mainz%2005.pdf
2026-04-20,Bundesliga,Bayern München,VfB Stuttgart,OU,3,525,-50,-9.5,https://wykjlhbsxparltxazxmk.supabase.co/storage/v1/object/public/bets-pdf/1388570_ou_19.04.2026%20Bayern%20Munich%20vs%20VfB%20Stuttgart.pdf
2026-04-20,Premier League,Aston Villa,Sunderland,OU,3,964,884.4,91.7,https://wykjlhbsxparltxazxmk.supabase.co/storage/v1/object/public/bets-pdf/1379289_ou_19.04.2026%20Aston%20Villa%20vs%20Sunderland.pdf
2026-04-20,Ligue 1,Monaco,Auxerre,OU,1,250,0,0,https://wykjlhbsxparltxazxmk.supabase.co/storage/v1/object/public/bets-pdf/1387964_ou_19.04.2026%20AS%20Monaco%20vs%20AJ%20Auxerre.pdf
2026-04-20,Serie A,Cremonese,Torino,OU,3,955,-955,-100,https://wykjlhbsxparltxazxmk.supabase.co/storage/v1/object/public/bets-pdf/1378184_ou_19.04.2026%20A%20US%20Cremonese%20vs%20Torino.pdf
2026-04-20,Serie A,Pisa,Genoa,OU,1,250,-250,-100,https://wykjlhbsxparltxazxmk.supabase.co/storage/v1/object/public/bets-pdf/1378189_ou_19.04.2026%20A%20Pisa%20vs%20Genoa.pdf
2026-04-20,Serie A,Hellas Verona,AC Milan,OU,1,250,-250,-100,https://wykjlhbsxparltxazxmk.supabase.co/storage/v1/object/public/bets-pdf/1378193_ou_19.04.2026%20A%20Hellas%20Verona%20vs%20AC%20Milan.pdf
2026-04-20,Premier League,Everton,Liverpool,OU,1,165,0,0,https://wykjlhbsxparltxazxmk.supabase.co/storage/v1/object/public/bets-pdf/1379293_ou_19.04.2026%20Everton%20vs%20Liverpool%20(ou).pdf
2026-04-20,Bundesliga,SC Freiburg,1. FC Heidenheim,OU,1,165,87.45,53,https://wykjlhbsxparltxazxmk.supabase.co/storage/v1/object/public/bets-pdf/1388573_ou_19.04.2026%20SC%20Freiburg%20vs%20FC%20Heidenheim%201846%20(ou).pdf
2026-04-20,Ligue 1,Strasbourg,Rennes,OU,1,165,-82.5,-50,https://wykjlhbsxparltxazxmk.supabase.co/storage/v1/object/public/bets-pdf/1387967_ou_19.04.2026%20RC%20Strasbourg%20vs%20Stade%20Rennais%20(ou).pdf
2026-04-20,Premier League,Manchester City,Arsenal,OU,2,165,0,0,https://wykjlhbsxparltxazxmk.supabase.co/storage/v1/object/public/bets-pdf/1379295_ou_19.04.2026%20Manchester%20City%20vs%20Arsenal%20(ou).pdf
2026-04-20,Süper Lig,Gaziantep FK,Kayserispor,OU,3,495,-13.2,-2.7,https://wykjlhbsxparltxazxmk.supabase.co/storage/v1/object/public/bets-pdf/1394696_ou_21.04.2026%20Gaziantep%20FK%20vs%20Kayserispor%20(ou).pdf
2026-04-21,La Liga,Athletic Club,Osasuna,OU,2,350,-53,-15.1,https://wykjlhbsxparltxazxmk.supabase.co/storage/v1/object/public/bets-pdf/1391139_ou_22.04.2026%20Athletic%20Bilbao%20vs%20CA%20Osasuna%20(ou).pdf
2026-04-21,La Liga,Mallorca,Valencia,OU,1,151,53.61,35.5,https://wykjlhbsxparltxazxmk.supabase.co/storage/v1/object/public/bets-pdf/1391144_ou_22.04.2026%20RCD%20Mallorca%20vs%20alencia%20CF%20(ou).pdf
2026-04-21,La Liga,Real Madrid,Alaves,OU,1,200,-21.78,-10.9,https://wykjlhbsxparltxazxmk.supabase.co/storage/v1/object/public/bets-pdf/1391146_ou_22.04.2026%20Real%20Madrid%20vs%20Deportivo%20Alaves%20(ou).pdf
2026-04-22,Ligue 1,Paris Saint Germain,Nantes,OU,2,452,389.22,86.1,https://wykjlhbsxparltxazxmk.supabase.co/storage/v1/object/public/bets-pdf/1387929_ou_23.04.2026%20Paris%20Saint%20Germain%20vs%20Nantes%20(ou).pdf
2026-04-22,La Liga,Real Sociedad,Getafe,OU,1,245,254.8,104,https://wykjlhbsxparltxazxmk.supabase.co/storage/v1/object/public/bets-pdf/1391147_ou_23.04.2026%20Real%20Sociedad%20vs%20Getafe%20CF%20(ou).pdf
2026-04-24,La Liga,Oviedo,Villarreal,OU,1,700,0,0,https://wykjlhbsxparltxazxmk.supabase.co/storage/v1/object/public/bets-pdf/1391148_ou_24.04.2026%20Real%20Oviedo%20vs%20Villarreal%20CF%20(ou).pdf
2026-04-24,La Liga,Rayo Vallecano,Espanyol,OU,1,165,132,80,https://wykjlhbsxparltxazxmk.supabase.co/storage/v1/object/public/bets-pdf/1391145_ou_24.04.2026%20Rayo%20Vallecano%20vs%20RCD%20Espanyol%20(ou).pdf
2026-04-24,Eredivisie,GO Ahead Eagles,AZ Alkmaar,OU,1,165,178.2,108,https://wykjlhbsxparltxazxmk.supabase.co/storage/v1/object/public/bets-pdf/1381139_ou_24.04.2026%20Go%20Ahead%20Eagles%20vs%20AZ%20Alkmaar%20(ou).pdf
2026-04-24,Eredivisie,PSV Eindhoven,PEC Zwolle,OU,3,638,-626.3,-98.2,https://wykjlhbsxparltxazxmk.supabase.co/storage/v1/object/public/bets-pdf/1381143_ou_24.04.2026%20PSV%20Eindhoven%20vs%20PEC%20Zwolle%20(ou).pdf
2026-04-26,Eredivisie,NAC Breda,Ajax,OU,1,165,176.6,107,https://wykjlhbsxparltxazxmk.supabase.co/storage/v1/object/public/bets-pdf/1381142_ou_25.04.2026%20NAC%20Breda%20vs%20Ajax%20Amsterdam.pdf
2026-04-26,Premier League,West Ham,Everton,OU,1,165,151.8,92,https://wykjlhbsxparltxazxmk.supabase.co/storage/v1/object/public/bets-pdf/1379307_ou_25.04.2026%20West%20Ham%20United%20vs%20Everton%20(ou).pdf
2026-04-26,Bundesliga,Hamburger SV,1899 Hoffenheim,OU,1,165,137,83,https://wykjlhbsxparltxazxmk.supabase.co/storage/v1/object/public/bets-pdf/1388581_ou_25.04.2026%20Hamburger%20vs%20TSG%20Hoffenheim.pdf
2026-04-26,Ligue 1,Lyon,Auxerre,OU,1,179,-179,-100,https://wykjlhbsxparltxazxmk.supabase.co/storage/v1/object/public/bets-pdf/1387972_ou_25.04.2026%20Lyon%20vs%20AJ%20Auxerre.pdf
2026-04-28,Premier League,West Ham,Everton,OU,1,165,166.65,101,https://wykjlhbsxparltxazxmk.supabase.co/storage/v1/object/public/bets-pdf/1379307_ou_25.04.2026%20West%20Ham%20United%20vs%20Everton%20(ou).pdf
2026-04-28,Ligue 1,Lorient,Strasbourg,OU,1,1000,-1000,-100,https://wykjlhbsxparltxazxmk.supabase.co/storage/v1/object/public/bets-pdf/1387971_ou_26.04.2026%20Lorient%20vs%20RC%20Strasbourg%20(ou).pdf
2026-04-28,Ligue 1,Le Havre,Metz,OU,1,1000,860,86,https://wykjlhbsxparltxazxmk.supabase.co/storage/v1/object/public/bets-pdf/1387970_ou_26.04.2026%20Le%20Havre%20vs%20Metz%20(ou).pdf
2026-04-28,Ligue 1,Paris FC,Lille,OU,1,1000,870,87,https://wykjlhbsxparltxazxmk.supabase.co/storage/v1/object/public/bets-pdf/1387974_ou_26.04.2026%20Paris%20FC%20vs%20Lille%20OSC%20(ou).pdf
2026-04-28,Bundesliga,VfB Stuttgart,Werder Bremen,OU,1,1000,980,98,https://wykjlhbsxparltxazxmk.supabase.co/storage/v1/object/public/bets-pdf/1388585_ou_26.04.2026%20VfB%20Stuttgart%20vs%20Werder%20Bremen%20(ou).pdf
2026-04-28,La Liga,Rayo Vallecano,Real Sociedad,OU,1,877,-741.57,-84.6,https://wykjlhbsxparltxazxmk.supabase.co/storage/v1/object/public/bets-pdf/1391135_ou_26.04.2026%20Rayo%20Vallecano%20vs%20Real%20Sociedad%20(ou).pdf
2026-04-28,La Liga,Osasuna,Sevilla,OU,1,1000,830,83,https://wykjlhbsxparltxazxmk.supabase.co/storage/v1/object/public/bets-pdf/1391134_ou_26.04.2026%20CA%20Osasuna%20vs%20Sevilla%20(ou).pdf
2026-04-28,Süper Lig,Gençlerbirliği S.K.,Kocaelispor,OU,1,1000,-1000,-100,https://wykjlhbsxparltxazxmk.supabase.co/storage/v1/object/public/bets-pdf/1394708_ou_26.04.2026%20Genclerbirligi%20vs%20Kocaelispor%20(ou).pdf
2026-04-28,Serie A,Lazio,Udinese,OU,1,925,999,108,https://wykjlhbsxparltxazxmk.supabase.co/storage/v1/object/public/bets-pdf/1378198_ou_28.04.2026%20Lazio%20vs%20Udinese%20(ou).pdf
2026-04-28,La Liga,Espanyol,Levante,OU,1,1000,970,97,https://wykjlhbsxparltxazxmk.supabase.co/storage/v1/object/public/bets-pdf/1391132_ou_28.04.2026%20RCD%20Espanyol%20vs%20Levante%20UD%20(ou).pdf
2026-04-28,Süper Lig,Konyaspor,Trabzonspor,OU,1,1000,-1000,-100,https://wykjlhbsxparltxazxmk.supabase.co/storage/v1/object/public/bets-pdf/1394711_ou_28.04.2026%20Konyaspor%20vs%20Trabzonspor%20(ou).pdf
2026-04-28,Süper Lig,Beşiktaş,Fatih Karagümrük,OU,1,1000,810,81,https://wykjlhbsxparltxazxmk.supabase.co/storage/v1/object/public/bets-pdf/1394705_ou_28.04.2026%20Besiktas%20vs%20Fatih%20Karagumruk%20(ou).pdf
2026-04-28,Primeira Liga,GIL Vicente,Casa Pia,OU,1,1000,900,90,https://wykjlhbsxparltxazxmk.supabase.co/storage/v1/object/public/bets-pdf/1396512_ou_28.04.2026%20Gil%20Vicente%20vs%20Casa%20Pia%20AC%20(ou).pdf
2026-05-08,UEFA Europa Conference League,Crystal Palace,Shakhtar Donetsk,OU,1,200,190,95,https://wykjlhbsxparltxazxmk.supabase.co/storage/v1/object/public/bets-pdf/1540881_ou_08.05.2026%20Crystal%20Palace%20vs%20Shakhtar%20Donetsk%20(ou).pdf
2026-05-08,La Liga,Sevilla,Real Sociedad,OU,1,165,-165,-100,https://wykjlhbsxparltxazxmk.supabase.co/storage/v1/object/public/bets-pdf/1391156_ou_05.05.2026%20Sevilla%20vs%20Real%20Sociedad%20(ou).pdf
2026-05-08,Saudi Pro League,Al-Ittihad FC,Al Kholood,OU,1,250,-250,-100,https://wykjlhbsxparltxazxmk.supabase.co/storage/v1/object/public/bets-pdf/1436185_ou_05.05.2026%20Al%20Ittihad%20Jeddah%20vs%20Al%20Kholood%20(ou).pdf
2026-05-08,Saudi Pro League,Al-Ettifaq,Al Najma,OU,1,165,145.2,88,https://wykjlhbsxparltxazxmk.supabase.co/storage/v1/object/public/bets-pdf/1436189_ou_05.05.2026%20Al%20Ettifaq%20vs%20Al%20Najma%20Unaizah%20(ou).pdf
2026-05-08,Serie A,Cremonese,Lazio,OU,1,500,-500,-100,https://wykjlhbsxparltxazxmk.supabase.co/storage/v1/object/public/bets-pdf/1378207_ou_05.05.2026%20Cremonese%20vs%20Lazio%20(ou).pdf
2026-05-14,Saudi Pro League,Al Najma,Al-Hazm,OU,1,165,475.2,288,https://wykjlhbsxparltxazxmk.supabase.co/storage/v1/object/public/bets-pdf/1436192_ou_10.05.2026 Al Najma Unaizah vs Al Hazem FC (ou).pdf
2026-05-15,La Liga,Girona,Real Sociedad,OU,1,50,61.5,123,https://wykjlhbsxparltxazxmk.supabase.co/storage/v1/object/public/bets-pdf/1391174_ou_15.05.2026 Girona vs Real Sociedad (ou).pdf
2026-05-15,La Liga,Real Madrid,Oviedo,OU,1,50,52,104,https://wykjlhbsxparltxazxmk.supabase.co/storage/v1/object/public/bets-pdf/1391176_ou_15.05.2026 Real Madrid vs Real Oviedo (ou).pdf
2026-05-15,Saudi Pro League,Al-Fateh,Al Najma,OU,1,50,49,98,https://wykjlhbsxparltxazxmk.supabase.co/storage/v1/object/public/bets-pdf/1438974_ou_15.05.2026 Al Fateh vs Al Najma Unaizah (ou).pdf
2026-05-15,Saudi Pro League,Al-Ettifaq,Al-Ittihad FC,OU,1,50,54.5,109,https://wykjlhbsxparltxazxmk.supabase.co/storage/v1/object/public/bets-pdf/1436202_ou_15.05.2026 Al Ettifaq vs Al Ittihad Jeddah (ou).pdf
2026-05-15,La Liga,Valencia,Rayo Vallecano,OU,1,49,49.49,101,https://wykjlhbsxparltxazxmk.supabase.co/storage/v1/object/public/bets-pdf/1391177_ou_15.05.2026 Valencia CF vs Rayo Vallecano (ou).pdf
2026-05-17,Premier League,Aston Villa,Liverpool,OU,1,164,-164,-100,https://wykjlhbsxparltxazxmk.supabase.co/storage/v1/object/public/bets-pdf/1379330_ou_16.05.2026 Aston Villa vs Liverpool (ou).pdf
2026-05-17,Saudi Pro League,Damac,Al-Fayha,OU,1,200,130,65,https://wykjlhbsxparltxazxmk.supabase.co/storage/v1/object/public/bets-pdf/1436200_ou_16.05.2026 Damac vs Al Fayha FC (ou).pdf
2026-05-17,Chinese Super League,Henan Jianye,Sichuan Jiuniu,OU,1,200,84,42,https://wykjlhbsxparltxazxmk.supabase.co/storage/v1/object/public/bets-pdf/1523147_ou_16.05.2026 Henan FC vs Shenzhen Peng City (ou).pdf
2026-05-17,Saudi Pro League,Al-Ahli Jeddah,Al Kholood,OU,1,200,196,98,https://wykjlhbsxparltxazxmk.supabase.co/storage/v1/object/public/bets-pdf/1436204_ou_17.05.2026%20Al%20Ahli%20Jeddah%20vs%20Al%20Kholood%20(ou).pdf
2026-05-17,Saudi Pro League,Al-Hilal Saudi FC,NEOM,OU,1,200,178,89,https://wykjlhbsxparltxazxmk.supabase.co/storage/v1/object/public/bets-pdf/1436205_ou_17.05.2026 Al Hilal Riyadh vs Neom SC (ou).pdf
2026-05-17,Saudi Pro League,Al Okhdood,Al Khaleej Saihat,OU,1,200,0,0,https://wykjlhbsxparltxazxmk.supabase.co/storage/v1/object/public/bets-pdf/1436203_ou_17.05.2026 Al Okhdood vs Al Khaleej Saihat (ou).pdf
2026-05-17,Brazilian Serie A,Atletico-MG,Mirassol,OU,1,200,-100,-50,https://wykjlhbsxparltxazxmk.supabase.co/storage/v1/object/public/bets-pdf/1492261_ou_17.05.2026 Atletico Mineiro vs Mirassol SP (ou).pdf
2026-05-17,Bundesliga,Bayer Leverkusen,Hamburger SV,OU,1,200,95,47.5,https://wykjlhbsxparltxazxmk.supabase.co/storage/v1/object/public/bets-pdf/1388605_ou_17.05.2026 Bayer 04 Leverkusen vs Hamburger SV (ou).pdf
2026-05-17,Bundesliga,Borussia Mönchengladbach,1899 Hoffenheim,OU,1,200,99,49.5,https://wykjlhbsxparltxazxmk.supabase.co/storage/v1/object/public/bets-pdf/1388607_ou_17.05.2026 Borussia Monchengladbach vs TSG 1899 Hoffenheim (ou).pdf
2026-05-17,Bundesliga,Eintracht Frankfurt,VfB Stuttgart,OU,1,200,0,0,https://wykjlhbsxparltxazxmk.supabase.co/storage/v1/object/public/bets-pdf/1388608_ou_17.05.2026 Eintracht Frankfurt vs VfB Stuttgart (ou).pdf
2026-05-17,Bundesliga,1. FC Heidenheim,FSV Mainz 05,OU,1,200,196,98,https://wykjlhbsxparltxazxmk.supabase.co/storage/v1/object/public/bets-pdf/1388610_ou_17.05.2026 FC Heidenheim 1846 vs FSV Mainz 05 (ou).pdf
2026-05-17,Süper Lig,Fatih Karagümrük,Alanyaspor,OU,1,200,188,94,https://wykjlhbsxparltxazxmk.supabase.co/storage/v1/object/public/bets-pdf/1394733_ou_17.05.2026 Fatih Karagumruk vs Alanyaspor (ou).pdf
2026-05-17,Brazilian Serie A,Fluminense,Sao Paulo,OU,1,200,-100,-50,https://wykjlhbsxparltxazxmk.supabase.co/storage/v1/object/public/bets-pdf/1492266_ou_17.05.2026 Fluminense RJ vs Sao Paulo SP (ou).pdf
2026-05-17,Süper Lig,Gaziantep FK,Başakşehir,OU,1,200,192,96,https://wykjlhbsxparltxazxmk.supabase.co/storage/v1/object/public/bets-pdf/1394732_ou_17.05.2026 Gaziantep FK vs Istanbul Basaksehir (ou).pdf
2026-05-17,Indian Super League,Odisha,Minerva Punjab,OU,1,200,-200,-100,https://wykjlhbsxparltxazxmk.supabase.co/storage/v1/object/public/bets-pdf/1521278_ou_17.05.2026 Odisha FC vs Punjab FC (ou).pdf
2026-05-17,Bundesliga,SC Freiburg,RB Leipzig,OU,1,188,0,0,https://wykjlhbsxparltxazxmk.supabase.co/storage/v1/object/public/bets-pdf/1388609_ou_17.05.2026 SC Freiburg vs RB Leipzig (ou).pdf
2026-05-17,Süper Lig,Samsunspor,Göztepe,OU,1,176,-176,-100,https://wykjlhbsxparltxazxmk.supabase.co/storage/v1/object/public/bets-pdf/1394737_ou_17.05.2026 Samsunspor vs Goztepe AS (ou).pdf
2026-05-17,Chinese Super League,Shandong Luneng,Chongqing Tongliang Long,OU,1,200,0,0,https://wykjlhbsxparltxazxmk.supabase.co/storage/v1/object/public/bets-pdf/1523153_ou_17.05.2026 Shandong Taishan vs Chongqing Tonglianglong (ou).pdf
2026-05-17,Primeira Liga,Sporting CP,GIL Vicente,OU,1,200,-200,-100,https://wykjlhbsxparltxazxmk.supabase.co/storage/v1/object/public/bets-pdf/1396542_ou_17.05.2026 Sporting Lisbon vs Gil Vicente (ou).pdf
2026-05-17,Bundesliga,FC St. Pauli,VfL Wolfsburg,OU,1,200,-200,-100,https://wykjlhbsxparltxazxmk.supabase.co/storage/v1/object/public/bets-pdf/1388611_ou_17.05.2026 St. Pauli vs VfL Wolfsburg (ou).pdf
2026-05-17,Bundesliga,Union Berlin,FC Augsburg,OU,1,180,-180,-100,https://wykjlhbsxparltxazxmk.supabase.co/storage/v1/object/public/bets-pdf/1388612_ou_17.05.2026 Union Berlin vs Augsburg (ou).pdf
2026-05-17,J1 League,Yokohama F. Marinos,Kashiwa Reysol,OU,1,200,192,96,https://wykjlhbsxparltxazxmk.supabase.co/storage/v1/object/public/bets-pdf/1504811_ou_17.05.2026 Yokohama F Marinos vs Kashiwa Reysol (ou).pdf
2026-05-17,Chinese Super League,Yunnan Yukun,Shanghai Shenhua,OU,1,200,-200,-100,https://wykjlhbsxparltxazxmk.supabase.co/storage/v1/object/public/bets-pdf/1523154_ou_17.05.2026 Yunnan Yukun vs Shanghai Shenhua (ou).pdf
2026-05-17,Süper Lig,Gaziantep FK,Başakşehir,OU,1,200,88,44,https://wykjlhbsxparltxazxmk.supabase.co/storage/v1/object/public/bets-pdf/1394732_ou_17.05.2026 Gaziantep FK vs Istanbul Basaksehir (ou).pdf
2026-05-17,J1 League,Yokohama F. Marinos,Kashiwa Reysol,OU,1,100,92,92,https://wykjlhbsxparltxazxmk.supabase.co/storage/v1/object/public/bets-pdf/2026-05-17/17.05.2026 Yokohama F Marinos vs Kashiwa Reysol.pdf
2026-05-17,Indian Super League,Odisha,Minerva Punjab,OU,1,100,-100,-100,https://wykjlhbsxparltxazxmk.supabase.co/storage/v1/object/public/bets-pdf/2026-05-17/17.05.2026 Odisha vs Punjab.pdf
2026-05-17,Chinese Super League,Henan Jianye,Sichuan Jiuniu,OU,1,100,42,42,https://wykjlhbsxparltxazxmk.supabase.co/storage/v1/object/public/bets-pdf/2026-05-17/17.05.2026 Henan vs Shenzhen Peng City.pdf
2026-05-17,Bundesliga,1. FC Heidenheim,FSV Mainz 05,OU,1,100,98,98,https://wykjlhbsxparltxazxmk.supabase.co/storage/v1/object/public/bets-pdf/2026-05-17/17.05.2026 Heidenheim vs FSV Mainz 05.pdf
2026-05-17,Süper Lig,Rizespor,Beşiktaş,OU,1,100,43.5,43.5,https://wykjlhbsxparltxazxmk.supabase.co/storage/v1/object/public/bets-pdf/2026-05-17/17.05.2026 Caykur Rizespor vs Besiktas JK.pdf
2026-05-17,Bundesliga,Borussia Mönchengladbach,1899 Hoffenheim,OU,1,100,48.5,48.5,https://wykjlhbsxparltxazxmk.supabase.co/storage/v1/object/public/bets-pdf/2026-05-17/17.05.2026 Borussia Monchengladbach vs TSG Hoffenheim.pdf
2026-05-17,Bundesliga,FC St. Pauli,VfL Wolfsburg,OU,1,100,-100,-100,https://wykjlhbsxparltxazxmk.supabase.co/storage/v1/object/public/bets-pdf/2026-05-17/17.05.2026 St Pauli vs VfL Wolfsburg.pdf
2026-05-17,Premier League,Aston Villa,Liverpool,OU,1,81,-81,-100,https://wykjlhbsxparltxazxmk.supabase.co/storage/v1/object/public/bets-pdf/2026-05-17/17.05.2026 Aston Villa vs Liverpool.pdf
2026-05-17,Chinese Super League,Yunnan Yukun,Shanghai Shenhua,OU,2,200,6,3,https://wykjlhbsxparltxazxmk.supabase.co/storage/v1/object/public/bets-pdf/2026-05-17/17.05.2026 Yunnan Yukun vs Shanghai Shenhua.pdf
2026-05-17,Eredivisie,FC Volendam,Telstar,OU,4,396,-396,-100,https://wykjlhbsxparltxazxmk.supabase.co/storage/v1/object/public/bets-pdf/2026-05-17/17.05.2026 Volendam vs Telstar 1963.pdf
2026-05-17,J1 League,Yokohama F. Marinos,Kashima,OU,1,100,92,92,https://wykjlhbsxparltxazxmk.supabase.co/storage/v1/object/public/bets-pdf/2026-05-16/16.05.2026 Yokohama F Marinos vs Kashiwa Reysol.pdf
2026-05-17,Serie A,Genoa,AC Milan,OU,3,300,-300,-100,https://wykjlhbsxparltxazxmk.supabase.co/storage/v1/object/public/bets-pdf/2026-05-17/17.05.2026 Genoa vs AC Milan.pdf
2026-05-17,Premier League,Everton,Sunderland,OU,6,581,37,6.4,https://wykjlhbsxparltxazxmk.supabase.co/storage/v1/object/public/bets-pdf/2026-05-17/17.05.2026 Everton vs Sunderland.pdf
2026-05-17,Premier League,Manchester City,Nottingham Forest,OU,7,688,103.5,15,https://wykjlhbsxparltxazxmk.supabase.co/storage/v1/object/public/bets-pdf/2026-05-17/17.05.2026 Manchester United vs Nottingham Forest.pdf
2026-05-17,Premier League,Brentford,Crystal Palace,OU,4,400,-400,-100,https://wykjlhbsxparltxazxmk.supabase.co/storage/v1/object/public/bets-pdf/2026-05-17/17.05.2026 Brentford vs Crystal Palace.pdf
2026-05-17,Serie A,AS Roma,Lazio,OU,3,300,-300,-100,https://wykjlhbsxparltxazxmk.supabase.co/storage/v1/object/public/bets-pdf/2026-05-17/17.05.2026 AS Roma vs Lazio.pdf
2026-05-17,Serie A,Juventus,Fiorentina,OU,2,200,246,123,https://wykjlhbsxparltxazxmk.supabase.co/storage/v1/object/public/bets-pdf/2026-05-17/17.05.2026 Juventus vs Fiorentina.pdf
2026-05-17,J1 League,Kawasaki Frontale,Machida Zelvia,OU,3,300,-300,-100,https://wykjlhbsxparltxazxmk.supabase.co/storage/v1/object/public/bets-pdf/2026-05-17/17.05.2026 Kawasaki Frontale vs Machida Zelvia.pdf
2026-05-17,Süper Lig,Kayserispor,Konyaspor,OU,2,200,-100,-50,https://wykjlhbsxparltxazxmk.supabase.co/storage/v1/object/public/bets-pdf/2026-05-17/17.05.2026 Kayserispor vs Konyaspor.pdf
2026-05-17,Premier League,Leeds,Brighton,OU,3,300,249,83,https://wykjlhbsxparltxazxmk.supabase.co/storage/v1/object/public/bets-pdf/2026-05-17/17.05.2026 Leeds United vs Brighton And Hove Albion.pdf
2026-05-18,Saudi Pro League,Al Shabab,Al-Ittihad FC,OU,1,200,-200,-100,https://wykjlhbsxparltxazxmk.supabase.co/storage/v1/object/public/bets-pdf/1391185_ou_18.05.2026%20Al%20Shabab%20Riyadh%20vs%20Al%20Ittihad%20Jeddah%20(ou).pdf
2026-05-18,Süper Lig,Antalyaspor,Kocaelispor,OU,1,200,212,106,https://wykjlhbsxparltxazxmk.supabase.co/storage/v1/object/public/bets-pdf/1394730_ou_18.05.2026%20Antalyaspor%20vs%20Kocaelispor%20(ou).pdf
2026-05-18,Serie A,Atalanta,Bologna,OU,1,192,99.84,52,https://wykjlhbsxparltxazxmk.supabase.co/storage/v1/object/public/bets-pdf/1378224_ou_18.05.2026%20Atalanta%20vs%20Bologna%20(ou).pdf
2026-05-18,La Liga,Athletic Club,Celta Vigo,OU,1,200,208,104,https://wykjlhbsxparltxazxmk.supabase.co/storage/v1/object/public/bets-pdf/1391179_ou_18.05.2026%20Athletic%20Bilbao%20vs%20Celta%20Vigo%20(ou).pdf
2026-05-18,Brazilian Serie A,Atletico Paranaense,Flamengo,OU,1,180,95.4,53,https://wykjlhbsxparltxazxmk.supabase.co/storage/v1/object/public/bets-pdf/1492260_ou_18.05.2026%20Atl%20Paranaense%20vs%20Flamengo%20R%20(ou).pdf
2026-05-18,La Liga,Atletico Madrid,Girona,OU,1,200,188,94,https://wykjlhbsxparltxazxmk.supabase.co/storage/v1/object/public/bets-pdf/1391180_ou_18.05.2026%20Atletico%20de%20Madrid%20vs%20Girona%20(ou).pdf
2026-05-18,Brazilian Serie A,Bahia,Gremio,OU,1,200,-200,-100,https://wykjlhbsxparltxazxmk.supabase.co/storage/v1/object/public/bets-pdf/1492262_ou_18.05.2026%20Bahia%20EC%20BA%20vs%20Gremio%20Porto%20Alegrense%20(ou).pdf
2026-05-18,La Liga,Barcelona,Real Betis,OU,1,200,158,79,https://wykjlhbsxparltxazxmk.supabase.co/storage/v1/object/public/bets-pdf/1391181_ou_18.05.2026%20Barcelona%20vs%20Real%20Betis%20(ou).pdf
2026-05-18,Brazilian Serie A,Botafogo,Corinthians,OU,1,200,218,109,https://wykjlhbsxparltxazxmk.supabase.co/storage/v1/object/public/bets-pdf/1492263_ou_18.05.2026%20Botafogo%20RJ%20vs%20Corinthians%20SP%20(ou).pdf
2026-05-18,Serie A,Cagliari,Torino,OU,2,388,-26,-6.7,https://wykjlhbsxparltxazxmk.supabase.co/storage/v1/object/public/bets-pdf/1378225_ou_18.05.2026%20Cagliari%20vs%20Torino%20(ou).pdf
2026-05-18,J1 League,JEF United Chiba,Kashima,OU,1,200,80,40,https://wykjlhbsxparltxazxmk.supabase.co/storage/v1/object/public/bets-pdf/1504813_ou_18.05.2026%20JEF%20United%20Ichihara%20Chiba%20vs%20Kashima%20Antlers%20(ou).pdf
2026-05-18,J1 League,Kyoto Sanga,Sanfrecce Hiroshima,OU,1,192,-192,-100,https://wykjlhbsxparltxazxmk.supabase.co/storage/v1/object/public/bets-pdf/1504816_ou_18.05.2026%20Kyoto%20Sanga%20vs%20Sanfrecce%20Hiroshima%20(ou).pdf
2026-05-18,Ligue 1,Strasbourg,Monaco,OU,1,200,-200,-100,https://wykjlhbsxparltxazxmk.supabase.co/storage/v1/object/public/bets-pdf/1388003_ou_18.05.2026%20RC%20Strasbourg%20vs%20AS%20Monaco%20(ou).pdf
2026-05-18,Ligue 1,Stade Brestois 29,Angers,OU,1,200,-200,-100,https://wykjlhbsxparltxazxmk.supabase.co/storage/v1/object/public/bets-pdf/1387995_ou_18.05.2026%20Stade%20Brestois%20vs%20Angers%20(ou).pdf
2026-05-18,Süper Lig,Trabzonspor,Gençlerbirliği S.K.,OU,1,172,-86,-50,https://wykjlhbsxparltxazxmk.supabase.co/storage/v1/object/public/bets-pdf/1394738_ou_18.05.2026%20Trabzonspor%20vs%20Genclerbirligi%20(ou).pdf
2026-05-18,Serie A,Udinese,Cremonese,OU,1,200,210,105,https://wykjlhbsxparltxazxmk.supabase.co/storage/v1/object/public/bets-pdf/1378233_ou_18.05.2026%20Udinese%20vs%20Cremonese%20(ou).pdf
2026-05-18,Ligue 1,Marseille,Rennes,OU,1,200,206,103,https://wykjlhbsxparltxazxmk.supabase.co/storage/v1/object/public/bets-pdf/1387999_ou_18.05.2026%20Olympique%20de%20Marseille%20vs%20Stade%20Rennais%20(ou).pdf
2026-05-19,Premier League,Bournemouth,Manchester City,OU,2,400,360,90,https://wykjlhbsxparltxazxmk.supabase.co/storage/v1/object/public/bets-pdf/2026-05-19/19.05.2026 AFC Bournemouth vs Manchester City.pdf
2026-05-19,Premier League,Chelsea,Tottenham,OU,2,368,334.8,91,https://wykjlhbsxparltxazxmk.supabase.co/storage/v1/object/public/bets-pdf/2026-05-19/19.05.2026 Chelsea vs Tottenham Hotspur.pdf
2026-05-19,Chinese Super League,Tianjin Teda,Henan Jianye,OU,4,800,-8,-1,https://wykjlhbsxparltxazxmk.supabase.co/storage/v1/object/public/bets-pdf/2026-05-19/19.05.2026 Tianjin Jinmen Tiger vs Henan.pdf
2026-05-20,Chinese Super League,Chongqing Tongliang Long,Yunnan Yukun,OU,2,400,380,95,https://wykjlhbsxparltxazxmk.supabase.co/storage/v1/object/public/bets-pdf/2026-05-20/20.05.2026 Chongqing Tongliang Long vs Yunnan Yukun.pdf
2026-05-20,Chinese Super League,Shenyang Urban,Qingdao Jonoon,OU,2,400,172,43,https://wykjlhbsxparltxazxmk.supabase.co/storage/v1/object/public/bets-pdf/2026-05-20/20.05.2026 Liaoning Tieren vs Qingdao Hainiu.pdf
2026-05-20,Chinese Super League,Shanghai Shenhua,Wuhan Three Towns,OU,2,400,0,0,https://wykjlhbsxparltxazxmk.supabase.co/storage/v1/object/public/bets-pdf/2026-05-20/20.05.2026 Shanghai Shenhua vs Wuhan Three Towns.pdf
2026-05-20,Chinese Super League,Hangzhou Greentown,Shandong Luneng,OU,2,400,-400,-100,https://wykjlhbsxparltxazxmk.supabase.co/storage/v1/object/public/bets-pdf/2026-05-20/20.05.2026 Zhejiang vs Shandong Taishan.pdf
2026-05-20,Saudi Pro League,Al Najma,Al Shabab,OU,2,400,400,100,https://wykjlhbsxparltxazxmk.supabase.co/storage/v1/object/public/bets-pdf/2026-05-20/20.05.2026 Al Najma Unaizah vs Al Shabab Riyadh.pdf
2026-05-20,Premier League,Bournemouth,Manchester City,OU,1,200,0,0,https://wykjlhbsxparltxazxmk.supabase.co/storage/v1/object/public/bets-pdf/1379331_ou_20.05.2026%20AFC%20Bournemouth%20vs%20Manchester%20City%20(ou).pdf
2026-05-20,Premier League,Chelsea,Tottenham,OU,1,184,-18.34,-10,https://wykjlhbsxparltxazxmk.supabase.co/storage/v1/object/public/bets-pdf/1379333_ou_20.05.2026%20Chelsea%20vs%20Tottenham%20Hotspur%20(ou).pdf
2026-05-20,Chinese Super League,Tianjin Teda,Henan Jianye,OU,2,400,18,4.5,https://wykjlhbsxparltxazxmk.supabase.co/storage/v1/object/public/bets-pdf/1523156_ou_20.05.2026%20Tianjin%20Jinmen%20Tiger%20vs%20Henan%20FC%20(ou).pdf
2026-05-20,Saudi Pro League,Al Khaleej Saihat,Al-Ahli Jeddah,OU,1,200,0,0,https://wykjlhbsxparltxazxmk.supabase.co/storage/v1/object/public/bets-pdf/1436212_ou_21.05.2026%20Al%20Khaleej%20Saihat%20vs%20Al%20Ahli%20Jeddah%20(ou).pdf
2026-05-20,Saudi Pro League,Al Najma,Al Shabab,OU,1,200,186,93,https://wykjlhbsxparltxazxmk.supabase.co/storage/v1/object/public/bets-pdf/1436212_ou_21.05.2026%20Al%20Najma%20Unaizah%20vs%20Al%20Shabab%20Riyadh%20(ou).pdf
2026-05-20,Chinese Super League,Chongqing Tongliang Long,Yunnan Yukun,OU,1,200,194,97,https://wykjlhbsxparltxazxmk.supabase.co/storage/v1/object/public/bets-pdf/1523161_ou_21.05.2026%20Chongqing%20Tonglianglong%20vs%20Yunnan%20Yukun%20(ou).pdf
2026-05-20,Chinese Super League,Shenyang Urban,Qingdao Jonoon,OU,1,200,85,42.5,https://wykjlhbsxparltxazxmk.supabase.co/storage/v1/object/public/bets-pdf/1523159_ou_21.05.2026%20Liaoning%20Tieren%20vs%20Qingdao%20Hainiu%20(ou).pdf
2026-05-20,Chinese Super League,Shanghai Shenhua,Wuhan Three Towns,OU,1,200,0,0,https://wykjlhbsxparltxazxmk.supabase.co/storage/v1/object/public/bets-pdf/1523160_ou_21.05.2026%20Shanghai%20Shenhua%20vs%20Wuhan%20Three%20Towns%20(ou).pdf
2026-05-20,Chinese Super League,Hangzhou Greentown,Shandong Luneng,OU,1,200,-200,-100,https://wykjlhbsxparltxazxmk.supabase.co/storage/v1/object/public/bets-pdf/1523162_ou_21.05.2026%20Zhejiang%20Professional%20FC%20vs%20Shandong%20Taishan%20(ou).pdf
2026-05-21,Eredivisie,Ajax,Groningen,OU,2,400,-400,-100,https://wykjlhbsxparltxazxmk.supabase.co/storage/v1/object/public/bets-pdf/2026-05-21/21.05.2026 Ajax Amsterdam vs Groningen.pdf
2026-05-21,Indian Super League,Jamshedpur,Odisha,OU,2,400,416,104,https://wykjlhbsxparltxazxmk.supabase.co/storage/v1/object/public/bets-pdf/2026-05-21/21.05.2026 Jamshedpur vs Odisha.pdf
2026-05-21,Saudi Pro League,Al-Fayha,Al-Hilal Saudi FC,OU,1,100,-100,-100,https://wykjlhbsxparltxazxmk.supabase.co/storage/v1/object/public/bets-pdf/1438977_ou_22.05.2026%20Al%20Fayha%20FC%20vs%20Al%20Hilal%20Riyadh%20(ou).pdf
2026-05-21,Saudi Pro League,Al-Hazm,Al Taawon,OU,1,100,51,51,https://wykjlhbsxparltxazxmk.supabase.co/storage/v1/object/public/bets-pdf/1438977_ou_22.05.2026%20Al%20Hazem%20FC%20vs%20Al%20Taawoun%20Buraidah%20(ou).pdf
2026-05-21,Indian Super League,Jamshedpur,Odisha,OU,1,100,79,79,https://wykjlhbsxparltxazxmk.supabase.co/storage/v1/object/public/bets-pdf/1521363_ou_22.05.2026%20Jamshedpur%20FC%20vs%20Odisha%20FC%20(ou).pdf
2026-05-21,Bundesliga,VfL Wolfsburg,SC Paderborn 07,OU,1,100,104,104,https://wykjlhbsxparltxazxmk.supabase.co/storage/v1/object/public/bets-pdf/1545417_ou_22.05.2026%20VfL%20Wolfsburg%20vs%20SC%20Paderborn%2007%20(ou).pdf
2026-05-21,Eredivisie,Utrecht,Heerenveen,OU,1,100,-100,-100,https://wykjlhbsxparltxazxmk.supabase.co/storage/v1/object/public/bets-pdf/1545412_ou_22.05.2026%20Utrecht%20vs%20SC%20Heerenveen%20(ou).pdf
2026-05-25,Brazilian Serie A,Gremio,Santos,OU,2,400,-400,-100,https://wykjlhbsxparltxazxmk.supabase.co/storage/v1/object/public/bets-pdf/2026-05-23/23.05.2026 Gremio Porto Alegrense RS vs Santos SP.pdf
2026-05-25,J1 League,Kashiwa Reysol,JEF United Chiba,OU,2,400,-400,-100,https://wykjlhbsxparltxazxmk.supabase.co/storage/v1/object/public/bets-pdf/2026-05-23/23.05.2026 Kashiwa Reysol vs Jef United Ichihara Chiba.pdf
2026-05-25,La Liga,Espanyol,Real Sociedad,OU,4,760,172,22.6,https://wykjlhbsxparltxazxmk.supabase.co/storage/v1/object/public/bets-pdf/2026-05-23/23.05.2026 RCD Espanyol vs Real Sociedad.pdf
2026-05-25,J1 League,Sanfrecce Hiroshima,Nagoya Grampus,OU,2,400,-400,-100,https://wykjlhbsxparltxazxmk.supabase.co/storage/v1/object/public/bets-pdf/2026-05-23/23.05.2026 Sanfrecce Hiroshima vs Nagoya Grampus.pdf
2026-05-25,Chinese Super League,SHANGHAI SIPG,Tianjin Teda,OU,2,400,150,37.5,https://wykjlhbsxparltxazxmk.supabase.co/storage/v1/object/public/bets-pdf/2026-05-23/23.05.2026 Shanghai Port vs Tianjin Jinmen Tiger.pdf
2026-05-25,La Liga,Celta Vigo,Sevilla,OU,2,400,158,39.5,https://wykjlhbsxparltxazxmk.supabase.co/storage/v1/object/public/bets-pdf/2026-05-23/23.05.2026 Celta Vigo vs Sevilla.pdf
2026-05-25,Chinese Super League,Dalian Zhixing,Chengdu Better City,OU,2,400,-200,-50,https://wykjlhbsxparltxazxmk.supabase.co/storage/v1/object/public/bets-pdf/2026-05-23/23.05.2026 Dalian Yingbo vs Chengdu Rongcheng.pdf
2026-05-25,La Liga,Girona,Elche,OU,2,400,-200,-50,https://wykjlhbsxparltxazxmk.supabase.co/storage/v1/object/public/bets-pdf/2026-05-23/23.05.2026 Girona vs Elche.pdf
2026-05-25,Chinese Super League,Yunnan Yukun,Qingdao Youth Island,OU,2,400,-400,-100,https://wykjlhbsxparltxazxmk.supabase.co/storage/v1/object/public/bets-pdf/2026-05-24/24.05.2026 Yunnan Yukun vs Qingdao West Coast.pdf
2026-05-25,Brazilian Serie A,Vitoria,Internacional,OU,2,400,-400,-100,https://wykjlhbsxparltxazxmk.supabase.co/storage/v1/object/public/bets-pdf/2026-05-23/23.05.2026 Vitoria BA vs Internacional RS.pdf
2026-05-25,Premier League,Brighton,Manchester United,OU,2,400,160,40,https://wykjlhbsxparltxazxmk.supabase.co/storage/v1/object/public/bets-pdf/2026-05-24/24.05.2026 Brighton And Hove Albion vs Manchester United.pdf
2026-05-25,Premier League,Fulham,Newcastle,OU,1,200,162,81,https://wykjlhbsxparltxazxmk.supabase.co/storage/v1/object/public/bets-pdf/2026-05-24/24.05.2026 Fulham vs Newcastle United.pdf
2026-05-25,Chinese Super League,Beijing Guoan,Henan Jianye,OU,2,400,360,90,https://wykjlhbsxparltxazxmk.supabase.co/storage/v1/object/public/bets-pdf/2026-05-24/24.05.2026 Shanghai Shenhua vs Shenzhen Peng City.pdf
2026-06-02,Brazilian Serie A,Bahia,Botafogo,OU,1,176,0,0,https://wykjlhbsxparltxazxmk.supabase.co/storage/v1/object/public/bets-pdf/2026-05-30/30.05.2026 Bahia BA vs Botafogo RJ.pdf
2026-06-02,Chinese Super League,Chongqing Tongliang Long,Beijing Guoan,OU,1,180,162,90,https://wykjlhbsxparltxazxmk.supabase.co/storage/v1/object/public/bets-pdf/2026-05-30/30.05.2026 Chongqing Tongliang Long vs Beijing Guoan.pdf
2026-06-02,Brazilian Serie A,Gremio,Corinthians,OU,1,200,226,113,https://wykjlhbsxparltxazxmk.supabase.co/storage/v1/object/public/bets-pdf/2026-05-30/30.05.2026 Gremio Porto Alegrense RS vs Corinthians Paulista SP.pdf
2026-06-02,J1 League,Kyoto Sanga,Kashiwa Reysol,OU,1,200,-200,-100,https://wykjlhbsxparltxazxmk.supabase.co/storage/v1/object/public/bets-pdf/2026-05-30/30.05.2026 Kyoto Sanga vs Kashiwa Reysol.pdf
2026-06-02,J1 League,Nagoya Grampus,Machida Zelvia,OU,1,200,-200,-100,https://wykjlhbsxparltxazxmk.supabase.co/storage/v1/object/public/bets-pdf/2026-05-30/30.05.2026 Nagoya Grampus vs Machida Zelvia.pdf
2026-06-02,Chinese Super League,Qingdao Youth Island,Shanghai Shenhua,OU,1,200,162,81,https://wykjlhbsxparltxazxmk.supabase.co/storage/v1/object/public/bets-pdf/2026-05-30/30.05.2026 Qingdao West Coast vs Shanghai Shenhua.pdf
2026-06-02,J1 League,Vissel Kobe,Kashima,OU,1,200,-200,-100,https://wykjlhbsxparltxazxmk.supabase.co/storage/v1/object/public/bets-pdf/2026-05-30/30.05.2026 Vissel Kobe vs Kashima Antlers.pdf
2026-06-02,J1 League,Fagiano Okayama,Urawa,OU,1,200,208,104,https://wykjlhbsxparltxazxmk.supabase.co/storage/v1/object/public/bets-pdf/2026-05-31/31.05.2026 Fagiano Okayama vs Urawa Red Diamonds.pdf
2026-06-02,Brazilian Serie A,RB Bragantino,Internacional,OU,2,384,-39.9,-10.4,https://wykjlhbsxparltxazxmk.supabase.co/storage/v1/object/public/bets-pdf/2026-05-31/31.05.2026 Red Bull Bragantino SP vs Internacional RS.pdf
2026-06-02,J1 League,Shimizu S-pulse,Yokohama F. Marinos,OU,1,200,156,78,https://wykjlhbsxparltxazxmk.supabase.co/storage/v1/object/public/bets-pdf/2026-05-31/31.05.2026 Shimizu S Pulse vs Yokohama F Marinos.pdf
2026-06-07,J1 League,JEF United Chiba,Avispa Fukuoka,OU,1,200,212,106,https://wykjlhbsxparltxazxmk.supabase.co/storage/v1/object/public/bets-pdf/2026-06-06/06.06.2026 Jef United Ichihara Chiba vs Avispa Fukuoka.pdf
2026-06-07,J1 League,Kashima,Vissel Kobe,OU,1,200,218,109,https://wykjlhbsxparltxazxmk.supabase.co/storage/v1/object/public/bets-pdf/2026-06-06/06.06.2026 Kashima Antlers vs Vissel Kobe.pdf
2026-06-07,J1 League,JEF United Chiba,Avispa Fukuoka,OU,1,200,200,100,https://wykjlhbsxparltxazxmk.supabase.co/storage/v1/object/public/bets-pdf/1546316_ou_06.06.2026%20JEF%20United%20Ichihara%20Chiba%20vs%20Avispa%20Fukuoka%20(ou).pdf
2026-06-07,J1 League,Kashima,Vissel Kobe,OU,1,200,228,114,https://wykjlhbsxparltxazxmk.supabase.co/storage/v1/object/public/bets-pdf/1546317_ou_06.06.2026%20Kashima%20Antlers%20vs%20Vissel%20Kobe%20(ou).pdf
2026-06-11,World Cup,Mexico,South Africa,OU,1,1000,0,0,https://wykjlhbsxparltxazxmk.supabase.co/storage/v1/object/public/bets-pdf/1489369_ou_12.06.2026%20Mexico%20vs%20South%20Africa%20(ou2).pdf
2026-06-11,World Cup,Mexico,South Africa,OU,1,934,980.7,105,https://wykjlhbsxparltxazxmk.supabase.co/storage/v1/object/public/bets-pdf/1489369_ou_12.06.2026%20Mexico%20vs%20South%20Africa%20(ou).pdf
2026-06-12,World Cup,South Korea,Czech Republic,OU,1,3000,-3000,-100,https://wykjlhbsxparltxazxmk.supabase.co/storage/v1/object/public/bets-pdf/2026-06-12/12.06.2026 South Korea vs Czech Republic (HGA).pdf
2026-06-12,World Cup,Canada,Bosnia & Herzegovina,OU,1,1000,466.25,46.6,https://wykjlhbsxparltxazxmk.supabase.co/storage/v1/object/public/bets-pdf/1539000_ou_13.06.2026%20Canada%20vs%20Bosnia-Herzegovina%20(ou).pdf
2026-06-13,World Cup,USA,Paraguay,OU,1,1000,912.5,91.3,https://wykjlhbsxparltxazxmk.supabase.co/storage/v1/object/public/bets-pdf/1489370_ou_13.06.2026%20USA%20vs%20Paraguay%20(ou).pdf
2026-06-13,World Cup,USA,Paraguay,OU,1,3000,3300,110,https://wykjlhbsxparltxazxmk.supabase.co/storage/v1/object/public/bets-pdf/2026-06-13/13.06.2026 USA vs Paraguay (HGA).pdf
2026-06-13,World Cup,Canada,Bosnia & Herzegovina,OU,1,3000,1335,44.5,https://wykjlhbsxparltxazxmk.supabase.co/storage/v1/object/public/bets-pdf/2026-06-13/13.06.2026 Canada vs Bosnia And Herzegovina (HGA).pdf
2026-06-14,World Cup,Qatar,Switzerland,OU,1,1000,-1000,-100,https://wykjlhbsxparltxazxmk.supabase.co/storage/v1/object/public/bets-pdf/1489373_ou_14.06.2026%20Switzerland%20vs%20Qatar%20(ou).pdf
2026-06-14,World Cup,Haiti,Scotland,OU,1,1000,-1000,-100,https://wykjlhbsxparltxazxmk.supabase.co/storage/v1/object/public/bets-pdf/1489372_ou_14.06.2026%20Scotland%20vs%20Haiti%20(ou).pdf
2026-06-14,World Cup,Brazil,Morocco,OU,1,1000,500,50,https://wykjlhbsxparltxazxmk.supabase.co/storage/v1/object/public/bets-pdf/1489371_ou_14.06.2026%20Brazil%20vs%20Morocco%20(ou).pdf
2026-06-15,World Cup,Australia,Türkiye,OU,1,900,-900,-100,https://wykjlhbsxparltxazxmk.supabase.co/storage/v1/object/public/bets-pdf/1539001_ou_14.06.2026%20Turkey%20vs%20Australia%20(ou).pdf
2026-06-15,World Cup,Germany,Curaçao,OU,1,1000,920,92,https://wykjlhbsxparltxazxmk.supabase.co/storage/v1/object/public/bets-pdf/1489374_ou_14.06.2026%20Germany%20vs%20Curacao%20(ou).pdf
2026-06-15,World Cup,Netherlands,Japan,OU,1,1000,-1000,-100,https://wykjlhbsxparltxazxmk.supabase.co/storage/v1/object/public/bets-pdf/1489376_ou_14.06.2026%20Netherlands%20vs%20Japan%20(ou).pdf
2026-06-15,World Cup,Ivory Coast,Ecuador,OU,1,961,999.44,104,https://wykjlhbsxparltxazxmk.supabase.co/storage/v1/object/public/bets-pdf/1489375_ou_16.04.2026%20Ecuador%20vs%20Ivory%20Coast%20(ou).pdf
2026-06-15,World Cup,Sweden,Tunisia,OU,1,1000,-1000,-100,https://wykjlhbsxparltxazxmk.supabase.co/storage/v1/object/public/bets-pdf/1539002_ou_14.06.2026%20Sweden%20vs%20Tunisia%20(ou).pdf
2026-06-15,World Cup,Spain,Cape Verde Islands,OU,3,10000,7640,76.4,https://wykjlhbsxparltxazxmk.supabase.co/storage/v1/object/public/bets-pdf/2026-06-15/15.06.2026 Spain vs Cape Verde (HGA).pdf
2026-06-15,World Cup,Spain,Cape Verde Islands,OU,1,961,-961,-100,https://wykjlhbsxparltxazxmk.supabase.co/storage/v1/object/public/bets-pdf/1489380_ou_15.06.2026%20Spain%20vs%20Cape%20Verde%20(ou).pdf
2026-06-15,World Cup,Netherlands,Japan,OU,1,3000,-3000,-100,https://wykjlhbsxparltxazxmk.supabase.co/storage/v1/object/public/bets-pdf/2026-06-15/15.06.2026 Netherlands vs Japan (HGA).pdf
2026-06-15,World Cup,Ivory Coast,Ecuador,OU,1,3000,1530,51,https://wykjlhbsxparltxazxmk.supabase.co/storage/v1/object/public/bets-pdf/2026-06-15/15.06.2026 Ivory Coast vs Ecuador (HGA).pdf
2026-06-15,World Cup,Germany,Curaçao,OU,1,3000,2790,93,https://wykjlhbsxparltxazxmk.supabase.co/storage/v1/object/public/bets-pdf/2026-06-15/15.06.2026 Germany vs Curacao (HGA).pdf
2026-06-15,World Cup,Sweden,Tunisia,OU,1,3000,-3000,-100,https://wykjlhbsxparltxazxmk.supabase.co/storage/v1/object/public/bets-pdf/2026-06-15/15.06.2026 Sweden vs Tunisia (HGA).pdf
2026-06-15,World Cup,Belgium,Egypt,OU,3,5212,4422.32,84.8,https://wykjlhbsxparltxazxmk.supabase.co/storage/v1/object/public/bets-pdf/2026-06-15/15.06.2026 Belgium vs Egypt (HGA).pdf
2026-06-15,World Cup,Belgium,Egypt,OU,1,1000,920,92,https://wykjlhbsxparltxazxmk.supabase.co/storage/v1/object/public/bets-pdf/1489377_ou_16.06.2026%20Belgium%20vs%20Egypt%20(ou).pdf
2026-06-16,World Cup,Saudi Arabia,Uruguay,OU,1,1000,510,51,https://wykjlhbsxparltxazxmk.supabase.co/storage/v1/object/public/bets-pdf/2026-06-15/15.06.2026 Saudi Arabia vs Uruguay (HGA).pdf
2026-06-16,World Cup,Saudi Arabia,Uruguay,OU,1,961,499.72,52,https://wykjlhbsxparltxazxmk.supabase.co/storage/v1/object/public/bets-pdf/1489379_ou_16.06.2026%20Uruguay%20vs%20Saudi%20Arabia%20(ou).pdf
2026-06-16,World Cup,Iran,New Zealand,OU,1,1000,-997.5,-99.7,https://wykjlhbsxparltxazxmk.supabase.co/storage/v1/object/public/bets-pdf/2026-06-16/16.06.2026 Iran vs New Zealand (ou).pdf
2026-06-17,World Cup,France,Senegal,OU,1,1000,850,85,https://wykjlhbsxparltxazxmk.supabase.co/storage/v1/object/public/bets-pdf/1489383_ou_17.06.2026%20France%20vs%20Senegal%20(ou).pdf
2026-06-17,World Cup,Iraq,Norway,OU,1,1000,-1000,-100,https://wykjlhbsxparltxazxmk.supabase.co/storage/v1/object/public/bets-pdf/1539016_ou_17.06.2026%20Norway%20vs%20Iraq%20(ou).pdf
2026-06-17,World Cup,Argentina,Algeria,OU,1,1000,-1000,-100,https://wykjlhbsxparltxazxmk.supabase.co/storage/v1/object/public/bets-pdf/1489381_ou_17.06.2026%20Argentina%20vs%20Algeria%20(ou).pdf
2026-06-17,World Cup,Austria,Jordan,OU,1,900,999,111,https://wykjlhbsxparltxazxmk.supabase.co/storage/v1/object/public/bets-pdf/1489382_ou_17.06.2026%20Austria%20vs%20Jordan%20(ou).pdf
2026-06-18,World Cup,Portugal,Congo DR,OU,1,1000,840,84,https://wykjlhbsxparltxazxmk.supabase.co/storage/v1/object/public/bets-pdf/1539003_ou_18.06.2026%20Portugal%20vs%20DR%20Congo%20(ou).pdf
2026-06-18,World Cup,England,Croatia,OU,1,1000,870,87,https://wykjlhbsxparltxazxmk.supabase.co/storage/v1/object/public/bets-pdf/1489384_ou_18.06.2026%20England%20vs%20Croatia%20(ou).pdf
2026-06-18,World Cup,Ghana,Panama,OU,1,877,-877,-100,https://wykjlhbsxparltxazxmk.supabase.co/storage/v1/object/public/bets-pdf/1489385_ou_18.06.2026%20Ghana%20vs%20Panama%20(ou).pdf
2026-06-18,World Cup,Uzbekistan,Colombia,OU,1,1000,-1000,-100,https://wykjlhbsxparltxazxmk.supabase.co/storage/v1/object/public/bets-pdf/1489386_ou_18.06.2026%20Colombia%20vs%20Uzbekistan%20(ou).pdf
2026-06-19,World Cup,Czechia,South Africa,OU,1,1000,485,48.5,https://wykjlhbsxparltxazxmk.supabase.co/storage/v1/object/public/bets-pdf/1539004_ou_19.06.2026%20Czech%20Republic%20vs%20South%20Africa%20(ou).pdf
2026-06-19,World Cup,Switzerland,Bosnia & Herzegovina,OU,1,1000,-1000,-100,https://wykjlhbsxparltxazxmk.supabase.co/storage/v1/object/public/bets-pdf/1539005_ou_19.06.2026%20Switzerland%20vs%20Bosnia-Herzegovina%20(ou).pdf
2026-06-19,World Cup,Canada,Qatar,OU,1,1000,-1000,-100,https://wykjlhbsxparltxazxmk.supabase.co/storage/v1/object/public/bets-pdf/1489387_ou_19.06.2026%20Canada%20vs%20Qatar%20(ou).pdf
2026-06-19,World Cup,Mexico,South Korea,OU,1,1000,880,88,https://wykjlhbsxparltxazxmk.supabase.co/storage/v1/object/public/bets-pdf/1489388_ou_19.06.2026%20Mexico%20vs%20Korea%20Republic%20(ou).pdf
2026-06-20,World Cup,USA,Australia,OU,1,1000,-1000,-100,https://wykjlhbsxparltxazxmk.supabase.co/storage/v1/object/public/bets-pdf/1489391_ou_20.06.2026%20USA%20vs%20Australia%20(ou).pdf
2026-06-20,World Cup,Scotland,Morocco,OU,1,965,887.8,92,https://wykjlhbsxparltxazxmk.supabase.co/storage/v1/object/public/bets-pdf/1489390_ou_20.06.2026%20Morocco%20vs%20Scotland%20(ou).pdf
2026-06-20,World Cup,Brazil,Haiti,OU,1,943,-943,-100,https://wykjlhbsxparltxazxmk.supabase.co/storage/v1/object/public/bets-pdf/1489389_ou_20.06.2026%20Brazil%20vs%20Haiti%20(ou).pdf
2026-06-20,World Cup,Türkiye,Paraguay,OU,1,934,999.38,107,https://wykjlhbsxparltxazxmk.supabase.co/storage/v1/object/public/bets-pdf/1539006_ou_20.06.2026%20Turkey%20vs%20Paraguay%20(ou).pdf
2026-06-21,World Cup,Netherlands,Sweden,OU,1,943,-943,-100,https://wykjlhbsxparltxazxmk.supabase.co/storage/v1/object/public/bets-pdf/1539007_ou_20.06.2026%20Netherlands%20vs%20Sweden%20(ou).pdf
2026-06-21,World Cup,Germany,Ivory Coast,OU,1,914,0,0,https://wykjlhbsxparltxazxmk.supabase.co/storage/v1/object/public/bets-pdf/1489393_ou_20.06.2026%20Germany%20vs%20Ivory%20Coast%20(ou).pdf
2026-06-22,World Cup,Spain,Saudi Arabia,OU,1,1000,-1000,-100,https://wykjlhbsxparltxazxmk.supabase.co/storage/v1/object/public/bets-pdf/1489397_ou_21.06.2026%20Spain%20vs%20Saudi%20Arabia%20(ou).pdf
2026-06-22,World Cup,Belgium,Iran,OU,1,1000,850,85,https://wykjlhbsxparltxazxmk.supabase.co/storage/v1/object/public/bets-pdf/1489395_ou_21.06.2026%20Belgium%20vs%20Iran%20(ou).pdf
2026-06-22,World Cup,Uruguay,Cape Verde Islands,OU,1,660,699.6,106,https://wykjlhbsxparltxazxmk.supabase.co/storage/v1/object/public/bets-pdf/1489398_ou_21.06.2026%20Uruguay%20vs%20Cape%20Verde%20(ou).pdf
2026-06-22,World Cup,New Zealand,Egypt,OU,1,1000,810,81,https://wykjlhbsxparltxazxmk.supabase.co/storage/v1/object/public/bets-pdf/1489396_ou_21.06.2026%20Egypt%20vs%20New%20Zealand%20(ou).pdf
2026-06-23,World Cup,Argentina,Austria,OU,1,1000,-1000,-100,https://wykjlhbsxparltxazxmk.supabase.co/storage/v1/object/public/bets-pdf/1489399_ou_23.06.2026%20Argentina%20vs%20Austria%20(ou).pdf
2026-06-23,World Cup,France,Iraq,OU,1,1000,-1000,-100,https://wykjlhbsxparltxazxmk.supabase.co/storage/v1/object/public/bets-pdf/1539017_ou_23.06.2026%20France%20vs%20Iraq%20(ou).pdf
2026-06-23,World Cup,Norway,Senegal,OU,1,1000,990,99,https://wykjlhbsxparltxazxmk.supabase.co/storage/v1/object/public/bets-pdf/1489401_ou_23.06.2026%20Norway%20vs%20Senegal%20(ou).pdf
2026-06-23,World Cup,Jordan,Algeria,OU,1,1000,970,97,https://wykjlhbsxparltxazxmk.supabase.co/storage/v1/object/public/bets-pdf/1489400_ou_23.06.2026%20Algeria%20vs%20Jordan%20(ou).pdf
2026-06-24,World Cup,Portugal,Uzbekistan,OU,1,1000,-1000,-100,https://wykjlhbsxparltxazxmk.supabase.co/storage/v1/object/public/bets-pdf/1489404_ou_23.06.2026%20Portugal%20vs%20Uzbekistan%20(ou).pdf
2026-06-24,World Cup,England,Ghana,OU,1,1000,-1000,-100,https://wykjlhbsxparltxazxmk.supabase.co/storage/v1/object/public/bets-pdf/1489402_ou_23.06.2026%20England%20vs%20Ghana%20(ou).pdf
2026-06-24,World Cup,Panama,Croatia,OU,1,1000,990,99,https://wykjlhbsxparltxazxmk.supabase.co/storage/v1/object/public/bets-pdf/1489403_ou_23.06.2026%20Croatia%20vs%20Panama%20(ou).pdf
2026-06-24,World Cup,Colombia,Congo DR,OU,1,1000,950,95,https://wykjlhbsxparltxazxmk.supabase.co/storage/v1/object/public/bets-pdf/1539008_ou_23.06.2026%20Colombia%20vs%20DR%20Congo%20(ou).pdf
2026-06-25,World Cup,Switzerland,Canada,OU,1,1000,-1000,-100,https://wykjlhbsxparltxazxmk.supabase.co/storage/v1/object/public/bets-pdf/1489408_ou_25.06.2026%20Canada%20vs%20Switzerland%20(ou).pdf
2026-06-25,World Cup,Bosnia & Herzegovina,Qatar,OU,1,1000,870,87,https://wykjlhbsxparltxazxmk.supabase.co/storage/v1/object/public/bets-pdf/1539009_ou_25.06.2026%20Bosnia-Herzegovina%20vs%20Qatar%20(ou).pdf
2026-06-25,World Cup,Morocco,Haiti,OU,1,1000,860,86,https://wykjlhbsxparltxazxmk.supabase.co/storage/v1/object/public/bets-pdf/1489405_ou_25.06.2026%20Morocco%20vs%20Haiti%20(ou).pdf
2026-06-25,World Cup,Scotland,Brazil,OU,1,943,499.79,53,https://wykjlhbsxparltxazxmk.supabase.co/storage/v1/object/public/bets-pdf/1489406_ou_25.06.2026%20Brazil%20vs%20Scotland%20(ou).pdf
2026-06-25,World Cup,Czechia,Mexico,OU,1,943,999.58,106,https://wykjlhbsxparltxazxmk.supabase.co/storage/v1/object/public/bets-pdf/1539010_ou_25.06.2026%20Mexico%20vs%20Czech%20Republic%20(ou).pdf
2026-06-25,World Cup,South Africa,South Korea,OU,1,961,-961,-100,https://wykjlhbsxparltxazxmk.supabase.co/storage/v1/object/public/bets-pdf/1489407_ou_25.06.2026%20Korea%20Republic%20vs%20South%20Africa%20(ou).pdf
2026-06-26,World Cup,Ecuador,Germany,OU,1,917,0,0,https://wykjlhbsxparltxazxmk.supabase.co/storage/v1/object/public/bets-pdf/1489410_ou_26.06.2026%20Germany%20vs%20Ecuador%20(ou).pdf
2026-06-26,World Cup,Curaçao,Ivory Coast,OU,1,1000,-1000,-100,https://wykjlhbsxparltxazxmk.supabase.co/storage/v1/object/public/bets-pdf/1489409_ou_26.06.2026%20Ivory%20Coast%20vs%20Curacao%20(ou).pdf
2026-06-26,World Cup,Tunisia,Netherlands,OU,1,900,999,111,https://wykjlhbsxparltxazxmk.supabase.co/storage/v1/object/public/bets-pdf/1489412_ou_26.06.2026%20Netherlands%20vs%20Tunisia%20(ou).pdf
2026-06-26,World Cup,Japan,Sweden,OU,1,1000,980,98,https://wykjlhbsxparltxazxmk.supabase.co/storage/v1/object/public/bets-pdf/1539011_ou_26.06.2026%20Japan%20vs%20Sweden%20(ou).pdf
2026-06-26,World Cup,Türkiye,USA,OU,1,961,999.44,104,https://wykjlhbsxparltxazxmk.supabase.co/storage/v1/object/public/bets-pdf/1539012_ou_26.06.2026%20USA%20vs%20Turkey%20(ou).pdf
2026-06-26,World Cup,Paraguay,Australia,OU,1,1000,930,93,https://wykjlhbsxparltxazxmk.supabase.co/storage/v1/object/public/bets-pdf/1489411_ou_26.06.2026%20Paraguay%20vs%20Australia%20(ou).pdf
2026-07-16,World Cup,New Zealand,Belgium,OU,1,1000,-1000,-100,https://wykjlhbsxparltxazxmk.supabase.co/storage/v1/object/public/bets-pdf/2026-06-27/27.06.2026 New Zealand vs Belgium (HGA).pdf
2026-07-16,World Cup,France,Spain,OU,1,3372,2967.36,88,https://wykjlhbsxparltxazxmk.supabase.co/storage/v1/object/public/bets-pdf/2026-07-14/14.07.2026 France vs Spain (HGA).pdf
2026-07-16,World Cup,Norway,England,OU,1,2711,1138.62,42,https://wykjlhbsxparltxazxmk.supabase.co/storage/v1/object/public/bets-pdf/2026-07-11/11.07.2026 Norway vs England (HGA).pdf
2026-07-16,World Cup,France,Morocco,OU,1,1642,-1642,-100,https://wykjlhbsxparltxazxmk.supabase.co/storage/v1/object/public/bets-pdf/2026-07-09/09.07.2026 France vs Morocco (HGA).pdf
2026-07-16,World Cup,Switzerland,Colombia,OU,1,2953,2923.47,99,https://wykjlhbsxparltxazxmk.supabase.co/storage/v1/object/public/bets-pdf/2026-07-07/07.07.2026 Switzerland vs Colombia (HGA).pdf
2026-07-16,World Cup,Argentina,Egypt,OU,1,1851,1925.04,104,https://wykjlhbsxparltxazxmk.supabase.co/storage/v1/object/public/bets-pdf/2026-07-07/07.07.2026 Argentina vs Egypt (HGA).pdf
2026-07-16,World Cup,Portugal,Spain,OU,1,4053,3363.99,83,https://wykjlhbsxparltxazxmk.supabase.co/storage/v1/object/public/bets-pdf/2026-07-06/06.07.2026 Portugal vs Spain (HGA).pdf
2026-07-16,World Cup,Brazil,Norway,OU,1,2026,1580.28,78,https://wykjlhbsxparltxazxmk.supabase.co/storage/v1/object/public/bets-pdf/2026-07-05/05.07.2026 Brazil vs Norway (HGA).pdf
2026-07-16,World Cup,Argentina,Cape Verde Islands,OU,1,2511,-2511,-100,https://wykjlhbsxparltxazxmk.supabase.co/storage/v1/object/public/bets-pdf/2026-07-03/03.07.2026 Argentina vs Cape Verde Islands (HGA).pdf
2026-07-16,World Cup,Australia,Egypt,OU,1,2572,1131.68,44,https://wykjlhbsxparltxazxmk.supabase.co/storage/v1/object/public/bets-pdf/2026-07-03/03.07.2026 Australia vs Egypt (HGA).pdf
2026-07-16,World Cup,Switzerland,Algeria,OU,1,2681,-2681,-100,https://wykjlhbsxparltxazxmk.supabase.co/storage/v1/object/public/bets-pdf/2026-07-03/03.07.2026 Switzerland vs Algeria (HGA).pdf
2026-07-16,World Cup,Belgium,Senegal,OU,1,3229,3229,100,https://wykjlhbsxparltxazxmk.supabase.co/storage/v1/object/public/bets-pdf/2026-07-01/01.07.2026 Belgium vs Senegal (HGA).pdf
2026-07-16,World Cup,England,Congo DR,OU,1,1929,0,0,https://wykjlhbsxparltxazxmk.supabase.co/storage/v1/object/public/bets-pdf/2026-07-01/01.07.2026 England vs Congo DR (HGA).pdf
2026-07-16,World Cup,Mexico,Ecuador,OU,1,2986,3284.6,110,https://wykjlhbsxparltxazxmk.supabase.co/storage/v1/object/public/bets-pdf/2026-07-01/01.07.2026 Mexico vs Ecuador (HGA).pdf
2026-07-16,World Cup,Netherlands,Morocco,OU,1,2768,2601.92,94,https://wykjlhbsxparltxazxmk.supabase.co/storage/v1/object/public/bets-pdf/2026-06-30/30.06.2026 Netherlands vs Morocco (HGA).pdf
2026-07-16,World Cup,Brazil,Japan,OU,1,1772,868.28,49,https://wykjlhbsxparltxazxmk.supabase.co/storage/v1/object/public/bets-pdf/2026-06-29/29.06.2026 Brazil vs Japan (HGA).pdf
2026-07-16,World Cup,South Africa,Canada,OU,2,5516,2721.09,49.3,https://wykjlhbsxparltxazxmk.supabase.co/storage/v1/object/public/bets-pdf/2026-06-28/28.06.2026 South Africa vs Canada (HGA).pdf
2026-07-16,World Cup,Algeria,Austria,OU,1,1923,2115.3,110,https://wykjlhbsxparltxazxmk.supabase.co/storage/v1/object/public/bets-pdf/2026-06-28/28.06.2026 Algeria vs Austria (HGA).pdf
2026-07-16,World Cup,Colombia,Portugal,OU,1,2375,1947.5,82,https://wykjlhbsxparltxazxmk.supabase.co/storage/v1/object/public/bets-pdf/2026-06-27/27.06.2026 Colombia vs Portugal (HGA).pdf
2026-07-16,World Cup,Croatia,Ghana,OU,1,4500,-4500,-100,https://wykjlhbsxparltxazxmk.supabase.co/storage/v1/object/public/bets-pdf/2026-06-27/27.06.2026 Croatia vs Ghana (HGA).pdf
2026-07-16,World Cup,Egypt,Iran,OU,1,1000,-500,-50,https://wykjlhbsxparltxazxmk.supabase.co/storage/v1/object/public/bets-pdf/2026-06-27/27.06.2026 Egypt vs Iran (HGA).pdf
2026-07-16,World Cup,Uruguay,Spain,OU,1,1000,-1000,-100,https://wykjlhbsxparltxazxmk.supabase.co/storage/v1/object/public/bets-pdf/2026-06-27/27.06.2026 Uruguay vs Spain (HGA).pdf
2026-07-16,World Cup,Cape Verde Islands,Saudi Arabia,OU,1,1000,-1000,-100,https://wykjlhbsxparltxazxmk.supabase.co/storage/v1/object/public/bets-pdf/2026-06-27/27.06.2026 Cape Verde Islands vs Saudi Arabia (HGA).pdf
2026-07-16,World Cup,Norway,France,OU,2,3416,-1400,-41,https://wykjlhbsxparltxazxmk.supabase.co/storage/v1/object/public/bets-pdf/2026-06-26/26.06.2026 Norway vs France (HGA).pdf
2026-07-16,World Cup,Senegal,Iraq,OU,1,1000,840,84,https://wykjlhbsxparltxazxmk.supabase.co/storage/v1/object/public/bets-pdf/2026-06-26/26.06.2026 Senegal vs Iraq (HGA).pdf
2026-07-16,World Cup,England,Congo DR,OU,1,1929,0,0,https://wykjlhbsxparltxazxmk.supabase.co/storage/v1/object/public/bets-pdf/2026-07-02/02.07.2026 England vs Congo DR (ou).pdf
2026-07-16,World Cup,Mexico,Ecuador,OU,1,2999,3358.88,112,https://wykjlhbsxparltxazxmk.supabase.co/storage/v1/object/public/bets-pdf/2026-07-01/01.07.2026 Mexico vs Ecuador (ou).pdf
2026-07-16,World Cup,Croatia,Ghana,OU,1,4500,-4500,-100,https://wykjlhbsxparltxazxmk.supabase.co/storage/v1/object/public/bets-pdf/2026-06-28/28.06.2026 Croatia vs Ghana (ou).pdf
2026-07-16,World Cup,New Zealand,Belgium,OU,1,1000,-1000,-100,https://wykjlhbsxparltxazxmk.supabase.co/storage/v1/object/public/bets-pdf/2026-06-27/27.06.2026 New Zealand vs Belgium (ou).pdf
2026-07-16,World Cup,Egypt,Iran,OU,1,1000,-500,-50,https://wykjlhbsxparltxazxmk.supabase.co/storage/v1/object/public/bets-pdf/2026-06-27/27.06.2026 Egypt vs Iran (ou).pdf
2026-07-16,World Cup,Paraguay,Australia,OU,2,2900,-980,-33.8,https://wykjlhbsxparltxazxmk.supabase.co/storage/v1/object/public/bets-pdf/2026-06-26/26.06.2026 Paraguay vs Australia (ou).pdf
2026-07-16,World Cup,Portugal,Spain,OU,1,4050,3321,82,https://wykjlhbsxparltxazxmk.supabase.co/storage/v1/object/public/bets-pdf/2026-07-07/07.07.2026 Portugal vs Spain (ou).pdf
2026-07-16,World Cup,Argentina,Egypt,OU,2,4765,-815.08,-17.1,https://wykjlhbsxparltxazxmk.supabase.co/storage/v1/object/public/bets-pdf/2026-07-08/08.07.2026 Argentina vs Egypt (ou).pdf
2026-07-16,World Cup,Switzerland,Colombia,OU,1,2961,2961,100,https://wykjlhbsxparltxazxmk.supabase.co/storage/v1/object/public/bets-pdf/2026-07-08/08.07.2026 Switzerland vs Colombia (ou).pdf
2026-07-16,World Cup,South Africa,Canada,OU,1,1611,789.39,49,https://wykjlhbsxparltxazxmk.supabase.co/storage/v1/object/public/bets-pdf/2026-06-29/29.06.2026 South Africa vs Canada (ou).pdf
2026-07-16,World Cup,Brazil,Japan,OU,1,1772,868.28,49,https://wykjlhbsxparltxazxmk.supabase.co/storage/v1/object/public/bets-pdf/2026-06-30/30.06.2026 Brazil vs Japan (ou).pdf
2026-07-16,World Cup,Uruguay,Spain,OU,1,1000,-1000,-100,https://wykjlhbsxparltxazxmk.supabase.co/storage/v1/object/public/bets-pdf/2026-06-27/27.06.2026 Uruguay vs Spain (ou).pdf
2026-07-16,World Cup,Türkiye,USA,OU,1,1000,1040,104,https://wykjlhbsxparltxazxmk.supabase.co/storage/v1/object/public/bets-pdf/2026-06-26/26.06.2026 Turkiye vs USA (ou).pdf
2026-07-16,World Cup,Cape Verde Islands,Saudi Arabia,OU,1,1000,-1000,-100,https://wykjlhbsxparltxazxmk.supabase.co/storage/v1/object/public/bets-pdf/2026-06-27/27.06.2026 Cape Verde Islands vs Saudi Arabia (ou).pdf
2026-07-16,World Cup,Senegal,Iraq,OU,1,1000,870,87,https://wykjlhbsxparltxazxmk.supabase.co/storage/v1/object/public/bets-pdf/2026-06-27/27.06.2026 Senegal vs Iraq (ou).pdf
2026-07-16,World Cup,Norway,France,OU,1,1400,-1400,-100,https://wykjlhbsxparltxazxmk.supabase.co/storage/v1/object/public/bets-pdf/2026-06-27/27.06.2026 Norway vs France (ou).pdf
2026-07-16,World Cup,Mexico,England,OU,1,1729,1642.55,95,https://wykjlhbsxparltxazxmk.supabase.co/storage/v1/object/public/bets-pdf/2026-07-06/06.07.2026 Mexico vs England (ou).pdf
2026-07-16,World Cup,Brazil,Norway,OU,1,2094,1717.08,82,https://wykjlhbsxparltxazxmk.supabase.co/storage/v1/object/public/bets-pdf/2026-07-06/06.07.2026 Brazil vs Norway (ou).pdf
2026-07-16,World Cup,France,Spain,OU,1,3344,2808.96,84,https://wykjlhbsxparltxazxmk.supabase.co/storage/v1/object/public/bets-pdf/2026-07-15/15.07.2026 France vs Spain (ou).pdf
2026-07-16,World Cup,Colombia,Portugal,OU,1,2656,2868.48,108,https://wykjlhbsxparltxazxmk.supabase.co/storage/v1/object/public/bets-pdf/2026-06-28/28.06.2026 Colombia vs Portugal (ou).pdf
2026-07-16,World Cup,Netherlands,Morocco,OU,1,2728,2455.2,90,https://wykjlhbsxparltxazxmk.supabase.co/storage/v1/object/public/bets-pdf/2026-06-30/30.06.2026 Netherlands vs Morocco (ou).pdf
2026-07-16,World Cup,Ivory Coast,Norway,OU,1,1695,1610.25,95,https://wykjlhbsxparltxazxmk.supabase.co/storage/v1/object/public/bets-pdf/2026-07-01/01.07.2026 Ivory Coast vs Norway (ou).pdf
2026-07-16,World Cup,Argentina,Cape Verde Islands,OU,1,1769,-1769,-100,https://wykjlhbsxparltxazxmk.supabase.co/storage/v1/object/public/bets-pdf/2026-07-04/04.07.2026 Argentina vs Cape Verde Islands (ou).pdf
2026-07-16,World Cup,Australia,Egypt,OU,1,2628,1222.02,46.5,https://wykjlhbsxparltxazxmk.supabase.co/storage/v1/object/public/bets-pdf/2026-07-04/04.07.2026 Australia vs Egypt (ou).pdf
2026-07-16,World Cup,Switzerland,Algeria,OU,1,2672,-2672,-100,https://wykjlhbsxparltxazxmk.supabase.co/storage/v1/object/public/bets-pdf/2026-07-03/03.07.2026 Switzerland vs Algeria (ou).pdf
2026-07-16,World Cup,Belgium,Senegal,OU,1,3259,3421.95,105,https://wykjlhbsxparltxazxmk.supabase.co/storage/v1/object/public/bets-pdf/2026-07-02/02.07.2026 Belgium vs Senegal (ou).pdf
