match_date,league,home_team,away_team,final_score,market,selection,line,entry_odds,entry_minute,score_at_entry,pressure_signal,stake,result,profit_loss
2026-05-01,Serie A,Pisa,Lecce,1-2,AH,AWAY,0,1.8,27,0-0,2,200,WON,160
2026-05-01,Eredivisie,Waalwijk,Roda,1-1,AH,AWAY,0,2.75,15,0-0,12.5,200,PUSH,0
2026-05-01,Eredivisie,Waalwijk,Roda,1-1,OU,UNDER,2.5,1.727,89,,11.07,500,HALF_WON,181.75
2026-05-01,Premier League,Leeds,Burnley,3-1,AH,AWAY,-1.5,2.2,32,1-0,13.75,200,HALF_WON,120
2026-05-01,La Liga,Girona,Mallorca,0-1,AH,AWAY,0,2.6,15,0-0,12,200,WON,320
2026-05-01,La Liga,Girona,Mallorca,0-1,OU,UNDER,2.5,1.727,83,,23.35,500,WON,363.5
2026-05-02,Primeira Liga,Arouca,Santa Clara,2-2,AH,AWAY,0,1.95,49,1-1,5.68,200,PUSH,0
2026-05-02,Eredivisie,Almere City FC,Den Bosch,3-0,AH,HOME,-0.5,1.7,15,0-0,0,200,WON,140
2026-05-02,Eredivisie,Almere City FC,Den Bosch,3-0,OU,UNDER,2.5,2.1,65,,15.31,500,HALF_LOST,-250
2026-05-02,La Liga,Villarreal,Levante,5-1,AH,AWAY,-0.5,2.075,15,0-0,12,200,LOST,-200
2026-05-02,Bundesliga,1899 Hoffenheim,VfB Stuttgart,3-3,AH,AWAY,-1,1.9,15,1-0,26,200,WON,180
2026-05-02,Bundesliga,Eintracht Frankfurt,Hamburger SV,1-2,AH,AWAY,-0.5,1.75,47,0-0,12.16,200,WON,150
2026-05-02,Primeira Liga,FC Porto,Alverca,1-0,OU,UNDER,2.5,1.727,81,,36.94,500,WON,363.5
2026-05-02,La Liga,Alaves,Athletic Club,2-4,OU,OVER,2.5,2.5,54,,9.17,500,WON,750
2026-05-03,Serie A,Bologna,Cagliari,0-0,AH,AWAY,0,2.375,15,0-0,0,200,PUSH,0
2026-05-03,Süper Lig,Antalyaspor,Alanyaspor,0-0,OU,OVER,1.5,2.5,65,,17.35,500,LOST,-500
2026-05-03,Süper Lig,Kayserispor,Eyüpspor,1-1,AH,AWAY,0,1.7,54,0-1,-17,200,LOST,-200
2026-05-03,Süper Lig,Kayserispor,Eyüpspor,1-1,OU,UNDER,3.5,1.727,89,,55.36,500,WON,363.5
2026-05-03,La Liga,Celta Vigo,Elche,3-1,AH,AWAY,-0.5,1.925,15,1-0,0,200,HALF_LOST,-100
2026-05-03,Bundesliga,SC Freiburg,VfL Wolfsburg,1-1,AH,AWAY,0,2.1,77,1-1,-12.18,200,PUSH,0
2026-05-03,Eredivisie,Fortuna Sittard,Feyenoord,1-2,AH,AWAY,1,2.025,15,0-0,0,200,PUSH,0
2026-05-03,La Liga,Getafe,Rayo Vallecano,0-2,AH,AWAY,0,1.825,63,0-1,21.14,200,WON,165
2026-05-03,Premier League,Manchester United,Liverpool,3-2,AH,AWAY,-1,1.875,48,2-1,33.25,200,WON,175
2026-05-03,Eredivisie,AZ Alkmaar,Twente,2-2,AH,AWAY,0,2.1,75,1-2,11.6,200,LOST,-200
2026-05-03,Eredivisie,Sparta Rotterdam,GO Ahead Eagles,2-2,AH,AWAY,0,2.1,84,2-2,2.29,200,PUSH,0
2026-05-03,Eredivisie,PEC Zwolle,Heracles,1-0,AH,HOME,-0.5,1.7,17,0-0,2,200,HALF_WON,70
2026-05-03,Eredivisie,PEC Zwolle,Heracles,1-0,OU,UNDER,2.5,1.833,65,,4,500,WON,416.5
2026-05-04,Premier League,Chelsea,Nottingham Forest,1-3,AH,HOME,0.5,1.85,15,0-1,-2,200,HALF_LOST,-100
2026-05-04,Pro League,Al-Ettifaq,Al Najma,0-0,AH,HOME,-1.5,2.675,40,0-1,13.5,200,HALF_LOST,-100
2026-05-04,Pro League,Al-Ittihad FC,Al Kholood,0-0,AH,AWAY,-0.5,1.975,35,0-0,10.79,200,HALF_WON,97.5
2026-05-04,Serie A,AS Roma,Fiorentina,4-0,AH,AWAY,-1.5,2.075,15,1-0,-0.5,200,LOST,-200
2026-05-04,La Liga,Sevilla,Real Sociedad,1-0,AH,AWAY,0,2.2,15,0-0,0,200,LOST,-200
2026-05-05,Pro League,Al Khaleej Saihat,Al-Hilal Saudi FC,1-2,AH,AWAY,1,2.375,15,1-0,25.5,200,WON,275
2026-05-05,UEFA Champions League,Arsenal,Atletico Madrid,1-0,AH,AWAY,-0.5,2,30,0-0,-5,200,HALF_LOST,-100
2026-05-06,J1 League,Kashiwa Reysol,Urawa,0-1,AH,AWAY,0,2.15,17,0-0,0.5,200,WON,230
2026-05-06,Indian Super League,Minerva Punjab,Chennaiyin,1-0,AH,AWAY,-0.5,1.975,49,0-0,28.04,200,HALF_LOST,-100
2026-05-06,Pro League,Al-Ahli Jeddah,Al-Fateh,3-1,AH,AWAY,-1,2.5,16,0-0,0,200,LOST,-200
2026-05-06,Pro League,Al-Ahli Jeddah,Al-Fateh,3-1,OU,UNDER,3.5,1.909,75,,58.4,500,HALF_LOST,-250
2026-05-06,J1 League,V-varen Nagasaki,Fagiano Okayama,2-1,AH,AWAY,0,1.825,15,0-0,12.5,200,LOST,-200
2026-05-06,UEFA Champions League,Bayern München,Paris Saint Germain,1-1,AH,HOME,-0.5,2.25,15,0-1,-14,200,HALF_WON,125
2026-05-06,UEFA Champions League,Bayern München,Paris Saint Germain,1-1,OU,UNDER,2.5,1.8,65,,47.23,500,HALF_WON,200
2026-05-06,J1 League,Shimizu S-pulse,Cerezo Osaka,1-1,AH,AWAY,0,1.9,15,0-0,28.5,200,PUSH,0
2026-05-06,J1 League,Nagoya Grampus,Gamba Osaka,2-1,AH,AWAY,-1,1.85,15,1-0,-0.5,200,WON,170
2026-05-06,J1 League,FC Tokyo,JEF United Chiba,0-3,AH,HOME,-0.5,2.15,18,0-1,-20.5,200,LOST,-200
2026-05-06,J1 League,Sanfrecce Hiroshima,Vissel Kobe,1-1,AH,AWAY,0,2.2,15,0-0,15,200,PUSH,0
2026-05-06,J1 League,Machida Zelvia,Yokohama F. Marinos,2-0,AH,AWAY,0,2.425,15,0-0,-12.5,200,LOST,-200
2026-05-06,J1 League,Kashima,Mito Hollyhock,3-0,AH,AWAY,-0.5,2.05,20,0-0,8.5,200,LOST,-200
2026-05-06,J1 League,Avispa Fukuoka,Kyoto Sanga,1-1,AH,HOME,0.5,1.7,18,0-0,-11,200,HALF_WON,70
2026-05-06,J1 League,Avispa Fukuoka,Kyoto Sanga,1-1,OU,UNDER,2.5,1.833,74,,45.12,500,HALF_WON,208.25
2026-05-06,J1 League,Kawasaki Frontale,Tokyo Verdy,1-0,AH,AWAY,0,2.375,62,0-0,-9.81,200,LOST,-200
2026-05-07,Pro League,Al Shabab,Al-Nassr,2-4,AH,HOME,1.5,2.15,45,1-2,-22.5,200,HALF_WON,115
2026-05-07,UEFA Europa League,Aston Villa,Nottingham Forest,4-0,AH,AWAY,-0.5,2.05,15,0-0,15,200,LOST,-200
2026-05-07,UEFA Europa Conference League,Crystal Palace,Shakhtar Donetsk,2-1,AH,HOME,-0.5,1.725,15,0-0,-12,200,HALF_WON,72.5
2026-05-07,UEFA Europa Conference League,Strasbourg,Rayo Vallecano,0-1,AH,HOME,-0.5,2.375,15,0-0,-14.5,200,LOST,-200
2026-05-08,Ligue 1,Lens,Nantes,1-0,AH,AWAY,-0.5,1.975,56,0-0,21.36,200,HALF_LOST,-100
2026-05-08,Serie A,Torino,Sassuolo,2-1,AH,AWAY,0,1.9,15,0-0,0,200,LOST,-200
2026-05-08,Bundesliga,Borussia Dortmund,Eintracht Frankfurt,3-2,AH,HOME,0.5,1.725,15,0-1,-14,200,WON,145
2026-05-08,La Liga,Levante,Osasuna,3-2,AH,HOME,0.5,2.1,36,1-2,17,200,WON,220
2026-05-09,J1 League,Mito Hollyhock,Urawa,1-4,AH,HOME,1.5,1.7,37,0-1,-22.09,200,HALF_LOST,-100
2026-05-09,Indian Super League,Goa,ATK Mohun Bagan,1-1,AH,HOME,0.5,1.925,43,0-0,-16.55,200,HALF_WON,92.5
2026-05-09,Premier League,Liverpool,Chelsea,1-1,AH,AWAY,-1,2.1,15,1-0,14.5,200,WON,220
2026-05-09,Premier League,Liverpool,Chelsea,1-1,OU,OVER,3.5,2.3,50,,27,500,LOST,-500
2026-05-09,La Liga,Elche,Alaves,1-1,AH,AWAY,0,2.15,15,0-0,-0.5,200,PUSH,0
2026-05-09,Serie A,Cagliari,Udinese,0-2,AH,AWAY,0,2.15,15,0-0,14,200,WON,230
2026-05-09,Bundesliga,FC Augsburg,Borussia Mönchengladbach,3-1,AH,AWAY,-1,2.05,31,1-0,29.23,200,PUSH,0
2026-05-09,Bundesliga,VfB Stuttgart,Bayer Leverkusen,3-1,AH,AWAY,0,2.6,15,1-1,-9.5,200,LOST,-200
2026-05-09,Premier League,Sunderland,Manchester United,0-0,AH,AWAY,0,1.85,18,0-0,35,200,PUSH,0
2026-05-09,Indian Super League,Jamshedpur,Bengaluru,0-1,AH,AWAY,-0.5,1.875,18,0-0,-11.5,200,WON,175
2026-05-09,Premier League,Fulham,Bournemouth,0-1,AH,AWAY,0,1.8,15,0-0,1,200,WON,160
2026-05-09,Pro League,Al Khaleej Saihat,Al-Ettifaq,0-5,AH,AWAY,0.5,2.25,15,0-0,-2,200,WON,250
2026-05-09,Serie A,Lazio,Inter,0-3,AH,HOME,1,2.35,17,0-1,-33.76,200,LOST,-200
2026-05-09,Pro League,Al Najma,Al-Hazm,2-2,AH,HOME,0.5,1.7,19,1-1,-9.98,200,HALF_WON,70
2026-05-09,Premier League,Manchester City,Brentford,3-0,AH,AWAY,-1,2.075,15,0-0,14.5,200,LOST,-200
2026-05-09,La Liga,Atletico Madrid,Celta Vigo,0-1,AH,AWAY,-0.5,2.2,15,0-0,0.5,200,WON,240
2026-05-09,Süper Lig,Alanyaspor,Kayserispor,3-1,AH,AWAY,0,1.775,15,1-1,1.5,200,LOST,-200
2026-05-09,Süper Lig,Eyüpspor,Rizespor,4-0,AH,HOME,0,2.1,15,0-0,-16.5,200,WON,220
2026-05-09,Süper Lig,Kocaelispor,Fatih Karagümrük,0-1,AH,AWAY,0,2.2,17,0-0,10.09,200,WON,240
2026-05-09,Süper Lig,Başakşehir,Samsunspor,3-0,AH,AWAY,-1,2.3,25,1-0,23.1,200,LOST,-200
2026-05-09,Süper Lig,Konyaspor,Fenerbahçe,0-3,AH,HOME,1.5,1.95,15,0-1,8.5,200,HALF_LOST,-100
2026-05-09,Süper Lig,Beşiktaş,Trabzonspor,1-2,AH,AWAY,-0.5,2.1,26,1-1,-2.93,200,WON,220
2026-05-09,Süper Lig,Göztepe,Gaziantep FK,2-1,AH,AWAY,-1.5,2.35,15,1-0,2,200,WON,270
2026-05-09,Pro League,Al-Fayha,Al-Qadisiyah FC,1-2,AH,AWAY,1,1.825,15,0-0,26,200,PUSH,0
2026-05-09,Serie A,Lecce,Juventus,0-1,AH,HOME,1.5,2.3,21,0-1,-28.72,200,WON,260
2026-05-09,La Liga,Real Sociedad,Real Betis,2-2,AH,AWAY,0,1.875,15,0-0,-25.5,200,PUSH,0
2026-05-09,Brazilian Serie A,Coritiba,Internacional,2-2,AH,AWAY,0,1.85,15,0-0,1,200,PUSH,0
2026-05-09,Brazilian Serie A,Fluminense,Vitoria,2-2,AH,AWAY,-0.5,2.25,15,0-0,0,200,HALF_WON,125
2026-05-10,Brazilian Serie A,Bahia,Cruzeiro,1-2,AH,HOME,-0.5,2.15,17,0-0,-11.58,200,LOST,-200
2026-05-10,J1 League,Shimizu S-pulse,Avispa Fukuoka,1-1,AH,AWAY,0,2.6,15,0-0,12,200,PUSH,0
2026-05-10,J1 League,Shimizu S-pulse,Avispa Fukuoka,1-1,OU,UNDER,1.5,1.727,70,,10.71,500,HALF_LOST,-250
2026-05-10,J1 League,Yokohama F. Marinos,Kashima,1-1,AH,AWAY,0.5,2.2,25,0-0,25.1,200,HALF_LOST,-100
2026-05-10,J1 League,Gamba Osaka,Sanfrecce Hiroshima,0-1,AH,AWAY,0.5,2.15,18,0-0,10,200,HALF_WON,115
2026-05-10,J1 League,FC Tokyo,Tokyo Verdy,2-1,AH,AWAY,-0.5,1.825,15,0-0,12,200,HALF_LOST,-100
2026-05-10,J1 League,Kashiwa Reysol,Kawasaki Frontale,1-0,AH,AWAY,-0.5,1.95,15,0-0,0.5,200,HALF_LOST,-100
2026-05-10,J1 League,Nagoya Grampus,Kyoto Sanga,3-0,AH,AWAY,-1,2.15,15,1-0,12,200,LOST,-200
2026-05-10,J1 League,JEF United Chiba,Machida Zelvia,0-2,AH,HOME,1,2.35,15,0-1,0,200,PUSH,0
2026-05-10,Serie A,Hellas Verona,Como,0-1,AH,AWAY,1,2.5,41,0-0,16.17,200,PUSH,0
2026-05-10,Indian Super League,Kerala Blasters,Mohammedan,3-1,AH,AWAY,-1,2.25,23,0-0,1.5,200,LOST,-200
2026-05-10,Indian Super League,Kerala Blasters,Mohammedan,3-1,OU,OVER,2.5,2.375,50,,27.9,500,WON,687.5
2026-05-10,Eredivisie,Telstar,Heracles,3-0,AH,AWAY,-1,2.3,15,0-0,-0.5,200,LOST,-200
2026-05-10,La Liga,Mallorca,Villarreal,1-1,AH,HOME,-0.5,2.425,15,0-0,-0.5,200,HALF_LOST,-100
2026-05-10,La Liga,Mallorca,Villarreal,1-1,OU,OVER,2.5,2.5,67,,39.87,500,HALF_LOST,-250
2026-05-10,Serie A,Cremonese,Pisa,3-0,AH,AWAY,0,2.75,15,0-0,-12,200,LOST,-200
2026-05-10,Premier League,Crystal Palace,Everton,2-2,AH,HOME,0.5,2.35,15,0-1,-2,200,WON,270
2026-05-10,Premier League,Nottingham Forest,Newcastle,1-1,AH,HOME,0.5,1.8,24,0-0,10,200,HALF_WON,80
2026-05-10,Premier League,Burnley,Aston Villa,2-2,AH,AWAY,0,1.85,15,1-0,4,200,WON,170
2026-05-10,Serie A,Fiorentina,Genoa,0-0,AH,AWAY,0,2.5,15,0-0,-2,200,PUSH,0
2026-05-10,La Liga,Athletic Club,Valencia,0-1,AH,AWAY,-0.5,1.925,41,0-0,7.39,200,WON,185
2026-05-10,Eredivisie,Excelsior,FC Volendam,1-1,AH,HOME,0,2.05,21,0-1,7.07,200,WON,210
2026-05-10,Eredivisie,Excelsior,FC Volendam,1-1,OU,UNDER,3.5,1.833,70,,25.93,500,WON,416.5
2026-05-10,Eredivisie,Feyenoord,AZ Alkmaar,1-1,AH,HOME,0.5,1.8,15,0-1,-13.5,200,WON,160
2026-05-10,Eredivisie,Fortuna Sittard,PEC Zwolle,3-2,AH,AWAY,0,2.75,16,0-0,34.75,200,LOST,-200
2026-05-10,Eredivisie,GO Ahead Eagles,PSV Eindhoven,1-4,AH,HOME,0.5,1.775,15,0-0,-12,200,LOST,-200
2026-05-10,Eredivisie,Ajax,Utrecht,1-2,AH,HOME,-1.5,2.425,15,0-0,25,200,LOST,-200
2026-05-10,Eredivisie,Groningen,NEC Nijmegen,2-1,AH,AWAY,0,1.775,15,0-0,0,200,LOST,-200
2026-05-10,Bundesliga,1. FC Köln,1. FC Heidenheim,1-3,AH,HOME,0.5,1.925,67,1-2,-8.56,200,HALF_LOST,-100
2026-05-10,Premier League,West Ham,Arsenal,0-1,AH,AWAY,1,2.75,49,0-0,-17.19,200,PUSH,0
2026-05-10,Pro League,Al Riyadh,Al-Fateh,1-0,AH,AWAY,0,2.1,73,1-0,7.4,200,PUSH,0
2026-05-10,Pro League,Al Riyadh,Al-Fateh,1-0,OU,UNDER,2.5,1.727,65,,61.31,500,WON,363.5
2026-05-10,Primeira Liga,AVS,FC Porto,3-1,AH,AWAY,1,2.675,28,1-0,-17.28,200,LOST,-200
2026-05-10,Bundesliga,FSV Mainz 05,Union Berlin,1-3,AH,HOME,0.5,1.825,40,0-1,-25,200,HALF_LOST,-100
2026-05-10,Bundesliga,FSV Mainz 05,Union Berlin,1-3,OU,OVER,3.5,2.375,59,,66.21,500,HALF_WON,343.75
2026-05-10,Pro League,Al-Ittihad FC,Damac,2-1,AH,AWAY,-1.5,1.95,48,1-0,14.75,200,WON,190
2026-05-10,Serie A,AC Milan,Atalanta,2-3,AH,HOME,0.5,2.05,20,0-1,-31.5,200,HALF_WON,105
2026-05-10,Ligue 1,Auxerre,Nice,2-1,OU,UNDER,3.5,2.1,65,,36.43,500,HALF_WON,275
2026-05-10,Ligue 1,Metz,Lorient,0-4,AH,AWAY,0,1.75,15,0-0,0.5,200,WON,150
2026-05-10,Ligue 1,Angers,Strasbourg,1-1,AH,AWAY,0,1.875,15,0-0,12,200,PUSH,0
2026-05-12,Pro League,Al Kholood,Al Okhdood,0-0,AH,AWAY,-1,1.7,15,0-0,-2.5,200,WON,140
2026-05-12,La Liga,Celta Vigo,Levante,2-3,AH,AWAY,0,2.425,44,1-0,-4.09,200,WON,285
2026-05-12,La Liga,Real Betis,Elche,2-1,AH,AWAY,0,2.75,41,1-0,6.39,200,PUSH,0
2026-05-12,Pro League,Al-Nassr,Al-Hilal Saudi FC,1-1,AH,AWAY,0,2.15,15,0-0,-14,200,PUSH,0
2026-05-12,Ligue 1,RED Star FC 93,Rodez,2-3,AH,AWAY,-1,1.725,15,1-0,0,200,WON,145
2026-05-12,La Liga,Osasuna,Atletico Madrid,1-2,AH,HOME,0.5,2.05,15,0-0,-12,200,HALF_LOST,-100
2026-05-13,J1 League,Vissel Kobe,Kyoto Sanga,1-0,AH,AWAY,-0.5,1.875,15,0-0,-22,200,HALF_LOST,-100
2026-05-13,J1 League,Vissel Kobe,Kyoto Sanga,1-0,OU,UNDER,1.5,2.1,72,,28,500,HALF_WON,275
2026-05-13,J1 League,Machida Zelvia,Tokyo Verdy,0-0,AH,HOME,-0.5,1.85,15,0-0,14.5,200,HALF_LOST,-100
2026-05-13,Ligue 1,Stade Brestois 29,Strasbourg,1-2,AH,HOME,1,2.075,20,1-1,9.5,200,PUSH,0
2026-05-13,La Liga,Espanyol,Athletic Club,2-0,AH,AWAY,0,1.925,17,0-0,-21.68,200,LOST,-200
2026-05-13,La Liga,Villarreal,Sevilla,2-3,AH,AWAY,-1,1.875,40,2-1,0.5,200,WON,175
2026-05-13,Ligue 1,Lens,Paris Saint Germain,0-2,AH,HOME,0.5,1.775,15,0-0,12.5,200,LOST,-200
2026-05-13,La Liga,Getafe,Mallorca,3-1,AH,AWAY,-1,1.925,15,1-0,-14.5,200,PUSH,0
2026-05-14,La Liga,Girona,Real Sociedad,1-1,AH,AWAY,-0.5,1.925,10,0-0,0,60,HALF_WON,27.75
2026-05-14,La Liga,Girona,Real Sociedad,1-1,AH,HOME,0.5,1.825,28,0-0,27.21,69,HALF_WON,28.46
2026-05-14,La Liga,Valencia,Rayo Vallecano,1-1,AH,HOME,0.5,2.025,20,0-0,2,70,HALF_WON,35.88
2026-05-14,Pro League,Al-Qadisiyah FC,Al-Hazm,2-0,AH,AWAY,-1.5,1.975,70,1-0,15.22,6,HALF_WON,2.93
2026-05-14,Pro League,Al-Ettifaq,Al-Ittihad FC,1-3,AH,HOME,1.5,1.8,10,0-1,0,8,HALF_WON,3.2
2026-05-14,Pro League,Al-Ettifaq,Al-Ittihad FC,1-3,AH,HOME,1,2.25,29,1-2,-29.12,4,PUSH,0
2026-05-14,La Liga,Real Madrid,Oviedo,2-0,AH,AWAY,-1,2.75,14,0-0,0,60,LOST,-60
2026-05-14,La Liga,Real Madrid,Oviedo,2-0,AH,AWAY,-1.5,1.9,67,1-0,16.87,140,HALF_WON,63
2026-05-15,Super League,Henan Jianye,Sichuan Jiuniu,1-0,AH,AWAY,-0.5,1.875,57,0-0,12.82,200,HALF_LOST,-100
2026-05-15,Super League,Tianjin Teda,Chengdu Better City,1-2,AH,HOME,0.5,1.825,44,1-1,-17.36,200,HALF_LOST,-100
2026-05-15,Super League,SHANGHAI SIPG,Hangzhou Greentown,2-2,AH,AWAY,0,2.5,44,1-1,-1.5,200,PUSH,0
2026-05-15,Super League,Dalian Zhixing,Qingdao Youth Island,2-3,AH,AWAY,1,2.675,19,0-0,8.97,200,PUSH,0
2026-05-15,Pro League,Damac,Al-Fayha,3-0,AH,AWAY,-0.5,1.825,10,0-0,0,4,LOST,-4
2026-05-15,Premier League,Aston Villa,Liverpool,4-2,AH,AWAY,-0.5,2.375,53,1-1,-1,100,LOST,-100
2026-05-15,Premier League,Aston Villa,Liverpool,4-2,AH,AWAY,0,1.725,54,1-1,-1,100,LOST,-100
2026-05-15,Premier League,Aston Villa,Liverpool,4-2,OU,OVER,2.5,2.2,53,,30.38,500,WON,600
2026-05-16,K League 1,Daejeon Citizen,FC Seoul,1-2,AH,AWAY,0,1.82,25,0-1,0,200,PUSH,0
2026-05-16,J1 League,Yokohama F. Marinos,Kashiwa Reysol,0-1,AH,HOME,1,1.8,49,0-1,7.35,5,WON,4
2026-05-16,K League 1,Incheon United,Gwangju FC,4-0,AH,AWAY,-1,1.925,10,0-0,0,200,LOST,-200
2026-05-16,Super League,Wuhan Three Towns,Shenyang Urban,2-2,AH,AWAY,-1,1.95,10,0-0,0,200,WON,190
2026-05-16,Super League,Shandong Luneng,Chongqing Tongliang Long,3-1,AH,AWAY,-1,2.75,10,0-0,0,200,LOST,-200
2026-05-16,Super League,Yunnan Yukun,Shanghai Shenhua,1-0,AH,HOME,-0.5,2.075,10,0-0,0,200,HALF_WON,107.5
2026-05-16,Bundesliga,Borussia Mönchengladbach,1899 Hoffenheim,4-0,AH,HOME,0.5,2.25,10,0-0,0,60,WON,75
2026-05-16,Bundesliga,Borussia Mönchengladbach,1899 Hoffenheim,4-0,AH,AWAY,1,2.025,10,0-0,0,60,LOST,-60
2026-05-16,Bundesliga,Borussia Mönchengladbach,1899 Hoffenheim,4-0,AH,AWAY,0,1.9,13,0-0,0,65,LOST,-65
2026-05-16,Bundesliga,Union Berlin,FC Augsburg,4-0,AH,AWAY,-1,1.75,11,1-0,0,116,LOST,-116
2026-05-16,Bundesliga,Union Berlin,FC Augsburg,4-0,AH,AWAY,-0.5,2.1,11,1-0,0,71,LOST,-71
2026-05-16,Bundesliga,1. FC Heidenheim,FSV Mainz 05,0-2,AH,HOME,0.5,1.775,10,0-1,0,62,HALF_LOST,-31
2026-05-16,Bundesliga,SC Freiburg,RB Leipzig,4-1,AH,AWAY,0,2.05,10,0-0,0,60,LOST,-60
2026-05-16,Bundesliga,SC Freiburg,RB Leipzig,4-1,AH,AWAY,-1,1.85,25,1-0,5.2,105,LOST,-105
2026-05-16,Bundesliga,Werder Bremen,Borussia Dortmund,0-2,AH,AWAY,0.5,2.05,10,0-0,0,60,WON,63
2026-05-16,Bundesliga,Werder Bremen,Borussia Dortmund,0-2,AH,HOME,1,2.25,60,0-0,-30,60,LOST,-60
2026-05-16,Bundesliga,FC St. Pauli,VfL Wolfsburg,1-3,AH,AWAY,0,1.85,10,0-0,0,60,WON,51
2026-05-16,Bundesliga,FC St. Pauli,VfL Wolfsburg,1-3,AH,HOME,1,1.875,53,0-1,-33.78,75,PUSH,0
2026-05-16,Bundesliga,Bayer Leverkusen,Hamburger SV,1-1,AH,AWAY,-1,2.05,40,0-0,14.5,60,WON,63
2026-05-16,Bundesliga,Bayer Leverkusen,Hamburger SV,1-1,AH,AWAY,-0.5,2.375,60,0-0,18.5,60,HALF_WON,41.25
2026-05-16,Bundesliga,Bayer Leverkusen,Hamburger SV,1-1,AH,HOME,-0.5,2.75,63,0-1,17.78,60,HALF_WON,52.5
2026-05-16,Bundesliga,Bayer Leverkusen,Hamburger SV,1-1,AH,AWAY,0,1.7,66,0-1,21.86,20,LOST,-20
2026-05-16,Bundesliga,Bayer Leverkusen,Hamburger SV,1-1,OU,UNDER,2.5,1.8,66,,80.5,500,HALF_WON,200
2026-05-16,Bundesliga,Eintracht Frankfurt,VfB Stuttgart,2-2,AH,AWAY,1,2.35,10,0-0,0,60,LOST,-60
2026-05-16,Bundesliga,Eintracht Frankfurt,VfB Stuttgart,2-2,AH,HOME,1.5,1.775,11,0-1,0,68,WON,52.7
2026-05-16,Bundesliga,Eintracht Frankfurt,VfB Stuttgart,2-2,AH,HOME,1,2.2,28,0-1,-7.43,60,WON,72
2026-05-16,FA Cup,Chelsea,Manchester City,0-1,AH,HOME,1,2.3,73,0-1,-8.39,200,WON,260
2026-05-16,Indian Super League,Odisha,Minerva Punjab,2-3,AH,HOME,1,2.35,10,0-0,0,4,PUSH,0
2026-05-16,Indian Super League,Odisha,Minerva Punjab,2-3,AH,HOME,0.5,2.1,57,0-0,-20.79,5,HALF_LOST,-2.5
2026-05-16,Primeira Liga,FC Porto,Santa Clara,1-0,AH,AWAY,-1,2.05,46,0-0,4.58,6,PUSH,0
2026-05-16,Primeira Liga,FC Porto,Santa Clara,1-0,AH,AWAY,-0.5,2.375,55,0-0,12.27,4,HALF_LOST,-2
2026-05-16,Primeira Liga,FC Porto,Santa Clara,1-0,AH,AWAY,-1.5,1.725,71,1-0,19.11,9,WON,6.53
2026-05-16,Pro League,Al Okhdood,Al Khaleej Saihat,3-1,AH,AWAY,1,2.1,11,0-0,0,4,LOST,-4
2026-05-16,Pro League,Al Okhdood,Al Khaleej Saihat,3-1,AH,AWAY,0.5,2.3,11,0-0,0,4,LOST,-4
2026-05-16,Pro League,Al-Hilal Saudi FC,NEOM,2-0,AH,AWAY,-1.5,2.2,43,1-0,11.87,5,HALF_WON,3
2026-05-16,Primeira Liga,Nacional,Guimaraes,2-0,AH,HOME,-0.5,2.3,10,0-0,0,4,WON,5.2
2026-05-16,Primeira Liga,Nacional,Guimaraes,2-0,AH,AWAY,-1,1.825,69,0-0,-13.93,8,LOST,-8
2026-05-16,Primeira Liga,Nacional,Guimaraes,2-0,OU,UNDER,1.5,1.909,69,,25.15,500,HALF_LOST,-250
2026-05-16,Primeira Liga,Casa Pia,Rio Ave,1-1,AH,AWAY,-0.5,1.95,26,0-0,12.35,4,HALF_WON,1.9
2026-05-16,Primeira Liga,Casa Pia,Rio Ave,1-1,AH,AWAY,-1.5,1.85,35,1-0,8.79,7,WON,5.95
2026-05-16,Primeira Liga,Arouca,Tondela,3-1,AH,AWAY,-0.5,2.2,21,1-0,10.57,4,HALF_LOST,-2
2026-05-16,Primeira Liga,Arouca,Tondela,3-1,AH,AWAY,-1,1.7,24,1-0,17.5,7,PUSH,0
2026-05-16,Primeira Liga,SC Braga,Estrela,2-2,AH,HOME,-0.5,2.6,10,0-1,0,4,HALF_WON,3.2
2026-05-16,Pro League,Al-Ahli Jeddah,Al Kholood,3-0,AH,AWAY,-1,2.3,17,0-0,-9.09,4,LOST,-4
2026-05-16,Primeira Liga,Famalicao,Alverca,1-0,AH,AWAY,-1,1.7,10,0-0,0,4,PUSH,0
2026-05-16,Primeira Liga,Famalicao,Alverca,1-0,AH,AWAY,-0.5,2.25,29,0-0,7.71,4,HALF_LOST,-2
2026-05-16,Primeira Liga,Sporting CP,GIL Vicente,3-0,OU,UNDER,3.5,1.727,65,,35.92,500,HALF_WON,181.75
2026-05-16,Brazilian Serie A,Atletico-MG,Mirassol,3-1,AH,AWAY,0,2.75,10,0-0,0,200,LOST,-200
2026-05-16,Brazilian Serie A,Atletico-MG,Mirassol,3-1,OU,OVER,3.5,2,69,,39.59,500,HALF_WON,250
2026-05-16,Brazilian Serie A,Internacional,Vasco DA Gama,4-1,AH,AWAY,-0.5,1.9,12,1-0,0,200,LOST,-200
2026-05-16,Brazilian Serie A,Fluminense,Sao Paulo,2-1,AH,AWAY,-1.5,1.875,21,1-0,6.57,200,WON,175
2026-05-17,Brazilian Serie A,Palmeiras,Cruzeiro,1-1,AH,HOME,-0.5,2.75,17,0-1,8.59,200,HALF_WON,175
2026-05-17,J1 League,V-varen Nagasaki,Vissel Kobe,2-2,AH,HOME,0.5,2.05,14,0-0,0,5,HALF_WON,2.62
2026-05-17,J1 League,V-varen Nagasaki,Vissel Kobe,2-2,AH,HOME,1.5,1.85,33,1-2,-16.86,8,WON,6.8
2026-05-17,J1 League,JEF United Chiba,Kashima,0-2,AH,AWAY,1,2.2,10,0-0,0,4,WON,4.8
2026-05-17,J1 League,JEF United Chiba,Kashima,0-2,AH,HOME,1,2.6,51,0-1,-6.06,4,PUSH,0
2026-05-17,J1 League,Fagiano Okayama,Shimizu S-pulse,2-0,AH,AWAY,-1,2,11,0-0,0,4,LOST,-4
2026-05-17,J1 League,Cerezo Osaka,Nagoya Grampus,6-1,AH,AWAY,-1,1.7,15,1-0,0,9,LOST,-9
2026-05-17,J1 League,Kyoto Sanga,Sanfrecce Hiroshima,0-4,AH,AWAY,1,2.75,10,0-0,0,4,WON,7
2026-05-17,J1 League,Kyoto Sanga,Sanfrecce Hiroshima,0-4,AH,AWAY,0.5,2,10,0-0,0,4,WON,4
2026-05-17,J1 League,Kyoto Sanga,Sanfrecce Hiroshima,0-4,AH,HOME,1.5,1.7,42,0-1,-34.21,7,LOST,-7
2026-05-17,J1 League,Kyoto Sanga,Sanfrecce Hiroshima,0-4,AH,HOME,1,2.6,47,0-1,-34.31,4,LOST,-4
2026-05-17,K League 1,Jeju United FC,FC Anyang,1-2,AH,AWAY,0,2.2,10,0-0,0,200,WON,240
2026-05-17,K League 1,Jeonbuk Motors,Gimcheon Sangmu FC,1-0,AH,HOME,-0.5,1.8,10,0-0,0,200,HALF_WON,80
2026-05-17,Serie A,Pisa,Napoli,0-3,AH,AWAY,1,1.75,10,0-0,0,100,WON,75
2026-05-17,Serie A,AS Roma,Lazio,2-0,AH,AWAY,-1,1.875,12,0-0,0,100,LOST,-100
2026-05-17,Serie A,Juventus,Fiorentina,0-2,AH,AWAY,-1,2.3,10,0-0,0,100,WON,130
2026-05-17,Serie A,Juventus,Fiorentina,0-2,AH,HOME,-0.5,2.2,34,0-0,20.39,100,LOST,-100
2026-05-17,Serie A,Genoa,AC Milan,1-2,AH,HOME,0.5,2.075,10,0-0,0,100,HALF_LOST,-50
2026-05-17,Serie A,Genoa,AC Milan,1-2,AH,HOME,1,2.2,78,0-1,-6.31,80.5,WON,96.6
2026-05-17,Serie A,Genoa,AC Milan,1-2,OU,OVER,1.5,2,70,,19.93,500,WON,500
2026-05-17,J1 League,Kawasaki Frontale,Machida Zelvia,1-1,AH,HOME,0.5,2.5,39,0-0,37.19,4,HALF_WON,3
2026-05-17,Indian Super League,SC Delhi,Inter Kashi,0-0,AH,AWAY,0.5,2.675,10,0-0,0,4,HALF_LOST,-2
2026-05-17,Premier League,Wolves,Fulham,1-1,AH,HOME,0.5,1.9,10,0-0,0,100,HALF_WON,45
2026-05-17,Premier League,Wolves,Fulham,1-1,AH,AWAY,0,2.5,25,0-0,0,100,PUSH,0
2026-05-17,Premier League,Manchester United,Nottingham Forest,3-2,AH,AWAY,-1.5,2.05,10,1-0,0,132,WON,138.6
2026-05-17,Premier League,Manchester United,Nottingham Forest,3-2,AH,AWAY,-0.5,1.8,55,1-1,14.59,68,HALF_LOST,-34
2026-05-17,Premier League,Manchester United,Nottingham Forest,3-2,OU,OVER,3.5,2.2,57,,53.05,500,WON,600
2026-05-17,Eredivisie,AZ Alkmaar,NAC Breda,3-3,AH,AWAY,-1.5,1.875,61,2-1,-1,7,WON,6.13
2026-05-17,Eredivisie,PEC Zwolle,Feyenoord,0-2,AH,AWAY,1,1.775,10,0-0,0,4,WON,3.1
2026-05-17,Eredivisie,PSV Eindhoven,Twente,5-1,AH,AWAY,0.5,2.5,12,0-0,0,4,LOST,-4
2026-05-17,Eredivisie,PSV Eindhoven,Twente,5-1,AH,AWAY,-1,1.825,15,0-0,-41.5,6,LOST,-6
2026-05-17,Eredivisie,PSV Eindhoven,Twente,5-1,AH,AWAY,-0.5,2.3,46,2-1,-35.39,4,LOST,-4
2026-05-17,Eredivisie,Heracles,Groningen,1-2,AH,HOME,1.5,1.95,10,0-1,0,4,WON,3.8
2026-05-17,Eredivisie,Heracles,Groningen,1-2,AH,AWAY,1,2.25,19,1-1,-22.95,4,PUSH,0
2026-05-17,Eredivisie,Heracles,Groningen,1-2,AH,AWAY,0.5,1.9,34,1-1,-2,4,HALF_WON,1.8
2026-05-17,Eredivisie,Heracles,Groningen,1-2,AH,HOME,1,2.375,58,1-2,3.2,4,WON,5.5
2026-05-17,Eredivisie,Sparta Rotterdam,Excelsior,2-3,AH,AWAY,-0.5,1.85,12,0-0,0,8,WON,6.8
2026-05-17,Eredivisie,Sparta Rotterdam,Excelsior,2-3,AH,AWAY,0.5,2.025,15,0-1,0.5,4,HALF_LOST,-2
2026-05-17,Eredivisie,Sparta Rotterdam,Excelsior,2-3,AH,AWAY,1,2.375,27,0-1,0.5,4,LOST,-4
2026-05-17,Eredivisie,Sparta Rotterdam,Excelsior,2-3,AH,HOME,1.5,2.25,51,0-2,5.53,4,WON,5
2026-05-17,Eredivisie,Heerenveen,Ajax,0-0,AH,HOME,0.5,1.8,10,0-0,0,6,HALF_WON,2.4
2026-05-17,Eredivisie,FC Volendam,Telstar,1-2,AH,AWAY,0.5,2.75,44,1-0,5,4,WON,7
2026-05-17,Eredivisie,FC Volendam,Telstar,1-2,OU,UNDER,3.5,2,87,,33.19,500,HALF_WON,250
2026-05-17,Süper Lig,Kayserispor,Konyaspor,2-1,AH,AWAY,-0.5,1.975,10,0-0,0,4,HALF_LOST,-2
2026-05-17,Premier League,Everton,Sunderland,1-3,AH,AWAY,0,2.425,37,0-0,-7.23,100,WON,142.5
2026-05-17,Premier League,Brentford,Crystal Palace,2-2,AH,HOME,0,2.05,15,0-1,-2,100,WON,105
2026-05-17,Premier League,Brentford,Crystal Palace,2-2,AH,HOME,0.5,1.75,31,0-1,-29.73,100,WON,75
2026-05-17,Indian Super League,ATK Mohun Bagan,East Bengal II,1-1,AH,AWAY,-0.5,1.7,14,0-0,0,5,HALF_WON,1.75
2026-05-17,Brazilian Serie A,Santos,Coritiba,0-3,AH,HOME,-0.5,2.2,10,0-1,0,200,LOST,-200
2026-05-17,Serie A,Atalanta,Bologna,0-1,AH,HOME,-0.5,1.875,10,0-0,0,100,LOST,-100
2026-05-17,Premier League,Newcastle,West Ham,3-1,AH,AWAY,0,2.25,10,0-0,0,100,LOST,-100
2026-05-17,Premier League,Newcastle,West Ham,3-1,AH,AWAY,-1,2.15,15,0-0,1,100,LOST,-100
2026-05-17,La Liga,Oviedo,Alaves,0-1,AH,HOME,1,2.125,18,0-1,10,63,WON,70.88
2026-05-17,La Liga,Sevilla,Real Madrid,0-1,AH,AWAY,0.5,2.075,10,0-0,0,60,HALF_WON,32.25
2026-05-17,La Liga,Sevilla,Real Madrid,0-1,AH,HOME,1,2.2,15,0-0,5,60,PUSH,0
2026-05-17,La Liga,Sevilla,Real Madrid,0-1,OU,UNDER,2.5,2,94,,42.3,500,WON,500
2026-05-17,La Liga,Osasuna,Espanyol,1-2,AH,HOME,-0.5,2.2,14,0-0,0,60,LOST,-60
2026-05-17,La Liga,Osasuna,Espanyol,1-2,AH,HOME,0.5,2,27,0-1,0.5,123,HALF_WON,61.5
2026-05-17,La Liga,Rayo Vallecano,Villarreal,2-0,AH,HOME,-0.5,2.025,10,0-0,0,60,WON,61.5
2026-05-17,La Liga,Athletic Club,Celta Vigo,1-1,AH,HOME,0.5,1.825,10,0-1,0,76,WON,62.7
2026-05-17,La Liga,Levante,Mallorca,2-0,AH,HOME,-0.5,2.075,10,0-0,0,60,WON,64.5
2026-05-17,La Liga,Real Sociedad,Valencia,3-4,AH,HOME,-0.5,2.5,10,1-1,0,60,LOST,-60
2026-05-17,La Liga,Real Sociedad,Valencia,3-4,AH,HOME,0.5,2.3,23,1-1,0,65,HALF_LOST,-32.5
2026-05-17,Süper Lig,Antalyaspor,Kocaelispor,1-0,AH,AWAY,-0.5,1.95,19,0-0,2,4,HALF_LOST,-2
2026-05-17,Ligue 1,Nice,Metz,0-0,OU,UNDER,1.5,2.1,95,,65.98,500,WON,550
2026-05-17,La Liga,Barcelona,Real Betis,3-1,OU,UNDER,3.5,2.1,69,,38.37,500,HALF_LOST,-250
2026-05-17,Brazilian Serie A,Atletico Paranaense,Flamengo,1-1,AH,AWAY,-0.5,2.1,50,1-0,13.3,200,WON,220
2026-05-18,Indian Super League,Kerala Blasters,Goa,2-1,AH,HOME,0.5,1.7,12,0-0,0,6,WON,4.2
2026-05-18,Indian Super League,Kerala Blasters,Goa,2-1,AH,HOME,-0.5,2.675,29,0-0,0.5,4,HALF_WON,3.35
2026-05-18,Indian Super League,Kerala Blasters,Goa,2-1,AH,AWAY,-0.5,2.25,50,1-0,-5.1,4,HALF_WON,2.5
2026-05-19,Indian Super League,NorthEast United,Mohammedan,2-0,AH,AWAY,-1.5,2.675,33,1-0,-16.37,4,HALF_WON,3.35
2026-05-19,Super League,Sichuan Jiuniu,Dalian Zhixing,1-1,AH,HOME,-0.5,2.675,10,0-0,0,200,HALF_LOST,-100
2026-05-19,Super League,Tianjin Teda,Henan Jianye,1-2,AH,HOME,1,2.25,35,0-1,-19.93,200,WON,250
2026-05-19,Super League,Qingdao Youth Island,Beijing Guoan,1-1,AH,AWAY,1,2.6,10,0-0,0,200,LOST,-200
2026-05-19,Super League,Chengdu Better City,SHANGHAI SIPG,0-1,AH,HOME,-0.5,1.7,21,0-0,21.64,200,LOST,-200
2026-05-19,Premier League,Bournemouth,Manchester City,1-1,AH,HOME,0.5,2.15,10,0-0,0,100,HALF_WON,57.5
2026-05-19,Premier League,Bournemouth,Manchester City,1-1,AH,AWAY,0,2.1,41,1-0,-15.28,100,WON,110
2026-05-19,Premier League,Chelsea,Tottenham,2-1,AH,AWAY,0,2.3,10,0-0,0,100,LOST,-100
2026-05-19,Premier League,Chelsea,Tottenham,2-1,AH,AWAY,-1,2,18,0-0,-8.5,100,PUSH,0
2026-05-20,Super League,Shenyang Urban,Qingdao Jonoon,2-1,AH,AWAY,-0.5,1.925,14,0-0,0,200,HALF_LOST,-100
2026-05-20,Super League,Shanghai Shenhua,Wuhan Three Towns,2-2,AH,AWAY,-1.5,2.1,30,1-0,16.5,200,WON,220
2026-05-20,Super League,Chongqing Tongliang Long,Yunnan Yukun,0-0,AH,AWAY,0,1.875,23,0-0,-9.32,200,PUSH,0
2026-05-20,Super League,Hangzhou Greentown,Shandong Luneng,4-1,AH,HOME,0.5,2.15,10,0-1,0,200,WON,230
2026-05-20,Primeira Liga,Torreense,Casa Pia,0-0,AH,HOME,-0.5,2.5,10,0-0,0,4,HALF_LOST,-2
2026-05-20,Pro League,Al Khaleej Saihat,Al-Ahli Jeddah,1-4,AH,AWAY,1,2.08,10,0-1,0,4,WON,4.32
2026-05-20,Pro League,Al Khaleej Saihat,Al-Ahli Jeddah,1-4,AH,HOME,1.5,2.05,34,1-2,0,4,HALF_LOST,-2
2026-05-20,Pro League,Al Khaleej Saihat,Al-Ahli Jeddah,1-4,AH,HOME,1,2.6,47,1-2,2.33,4,LOST,-4
2026-05-20,Pro League,Al Najma,Al Shabab,1-0,AH,HOME,0.5,2.3,17,0-0,-11.59,4,WON,5.2
2026-05-20,Pro League,Al Najma,Al Shabab,1-0,AH,AWAY,-0.5,1.7,51,1-0,2.03,5,HALF_WON,1.75
2026-05-21,Indian Super League,Inter Kashi,East Bengal II,1-2,AH,HOME,1,2.6,10,0-0,0,4,PUSH,0
2026-05-21,Indian Super League,Inter Kashi,East Bengal II,1-2,AH,HOME,0.5,1.95,15,0-0,0,4,HALF_LOST,-2
2026-05-21,Indian Super League,Inter Kashi,East Bengal II,1-2,AH,AWAY,1,2.375,16,1-0,0,4,WON,5.5
2026-05-21,Indian Super League,ATK Mohun Bagan,SC Delhi,2-1,AH,AWAY,-1,2.675,12,0-0,0,4,PUSH,0
2026-05-21,Eredivisie,Ajax,Groningen,2-0,AH,AWAY,-0.5,2.025,13,0-0,0,4,LOST,-4
2026-05-21,Eredivisie,Ajax,Groningen,2-0,AH,AWAY,-1.5,1.8,44,1-0,16.77,7,HALF_WON,2.8
2026-05-21,Pro League,Al-Ittihad FC,Al-Qadisiyah FC,1-5,AH,HOME,1.5,1.825,10,0-1,0,5,LOST,-5
2026-05-21,Pro League,Al-Ittihad FC,Al-Qadisiyah FC,1-5,AH,HOME,1,2.3,24,0-1,-17,4,LOST,-4
2026-05-21,Pro League,Al Kholood,Al-Fateh,0-0,AH,AWAY,-0.5,1.7,32,0-0,9.63,5,HALF_WON,1.75
2026-05-21,Pro League,Al Riyadh,Al Okhdood,1-0,AH,AWAY,-1.5,2.375,27,1-0,31.17,4,WON,5.5
2026-05-21,Pro League,NEOM,Al-Ettifaq,1-1,AH,HOME,0.5,1.925,10,0-1,0,4,WON,3.7
2026-05-21,Pro League,NEOM,Al-Ettifaq,1-1,AH,AWAY,1,2.75,15,0-1,10,4,LOST,-4
2026-05-21,Pro League,Al-Fayha,Al-Hilal Saudi FC,0-1,AH,HOME,1.5,2.25,49,0-1,0,5,WON,6.25
2026-05-21,Pro League,Al-Hazm,Al Taawon,2-0,AH,AWAY,1,1.825,12,0-0,0,4,LOST,-4
2026-05-21,Pro League,Al-Hazm,Al Taawon,2-0,AH,HOME,0.5,2.425,37,0-0,-7.36,4,WON,5.7
2026-05-21,Pro League,Al-Hazm,Al Taawon,2-0,OU,UNDER,1.5,2.1,78,,31.46,500,HALF_LOST,-250
2026-05-21,Bundesliga,VfL Wolfsburg,SC Paderborn 07,0-0,AH,AWAY,-0.5,2.15,10,0-0,0,60,HALF_WON,34.5
2026-05-21,Indian Super League,Jamshedpur,Odisha,0-0,AH,AWAY,-0.5,2.2,67,0-0,16,5,HALF_WON,3
2026-05-21,Indian Super League,Jamshedpur,Odisha,0-0,OU,UNDER,1.5,1.8,100,,20,500,WON,400
2026-05-21,Eredivisie,Utrecht,Heerenveen,3-2,AH,AWAY,-0.5,1.875,10,0-0,0,4,HALF_LOST,-2
2026-05-22,J1 League,Machida Zelvia,Urawa,1-0,AH,AWAY,-1,1.75,12,1-0,0,8,WON,6
2026-05-22,Serie A,Fiorentina,Atalanta,1-1,AH,HOME,0.5,1.7,17,0-0,-2,100,HALF_WON,35
2026-05-22,Serie A,Fiorentina,Atalanta,1-1,AH,AWAY,-0.5,1.975,39,0-0,-6,100,HALF_WON,48.75
2026-05-23,Super League,Dalian Zhixing,Chengdu Better City,2-0,AH,AWAY,0,2.1,47,0-0,8.66,200,LOST,-200
2026-05-23,J1 League,Sanfrecce Hiroshima,Nagoya Grampus,4-2,AH,HOME,-1,2.6,10,0-0,0,4,WON,6.4
2026-05-23,J1 League,Sanfrecce Hiroshima,Nagoya Grampus,4-2,AH,AWAY,-1,2.6,34,1-0,15.39,4,PUSH,0
2026-05-23,J1 League,Avispa Fukuoka,Vissel Kobe,0-1,AH,HOME,0.5,1.7,10,0-0,0,4,HALF_LOST,-2
2026-05-23,J1 League,Avispa Fukuoka,Vissel Kobe,0-1,AH,HOME,1,2.2,51,0-1,11.03,5,WON,6
2026-05-23,J1 League,Kashiwa Reysol,JEF United Chiba,4-2,AH,AWAY,-1.5,1.875,54,2-1,8,8,HALF_WON,3.5
2026-05-23,Super League,SHANGHAI SIPG,Tianjin Teda,1-1,AH,HOME,-0.5,1.875,10,0-0,0,200,HALF_LOST,-100
2026-05-23,Super League,Beijing Guoan,Henan Jianye,1-2,OU,UNDER,2.5,1.8,78,,36.57,500,HALF_LOST,-250
2026-05-23,Serie A,Bologna,Inter,3-3,AH,AWAY,0.5,2.15,10,0-0,0,100,HALF_LOST,-50
2026-05-23,Serie A,Bologna,Inter,3-3,AH,HOME,0.5,2.75,23,0-1,0,100,WON,175
2026-05-23,Serie A,Lazio,Pisa,2-1,AH,AWAY,-1,1.7,13,0-0,0,106,PUSH,0
2026-05-23,Serie A,Lazio,Pisa,2-1,AH,AWAY,-0.5,2.25,15,0-0,26.5,94,HALF_LOST,-47
2026-05-23,La Liga,Mallorca,Oviedo,3-0,AH,AWAY,-1,2.025,10,0-0,0,60,LOST,-60
2026-05-23,La Liga,Mallorca,Oviedo,3-0,AH,AWAY,-1.5,2.05,44,1-0,28.55,117,HALF_LOST,-58.5
2026-05-23,La Liga,Real Betis,Levante,2-1,AH,AWAY,-1,1.775,10,1-0,0,137,WON,106.17
2026-05-23,La Liga,Real Betis,Levante,2-1,AH,AWAY,-0.5,2.15,16,1-0,15.25,63,HALF_WON,36.22
2026-05-23,La Liga,Alaves,Rayo Vallecano,1-2,AH,AWAY,-1,2.05,19,1-0,17.95,115,WON,120.75
2026-05-23,La Liga,Celta Vigo,Sevilla,1-0,AH,HOME,-0.5,1.975,15,0-0,12,60,HALF_WON,29.25
2026-05-23,La Liga,Espanyol,Real Sociedad,1-1,AH,HOME,0.5,2.025,29,0-1,9.7,81,WON,83.03
2026-05-23,La Liga,Espanyol,Real Sociedad,1-1,OU,OVER,2.5,2,55,,40.68,500,HALF_LOST,-250
2026-05-23,La Liga,Girona,Elche,1-1,AH,AWAY,-0.5,2,13,0-0,0,60,HALF_WON,30
2026-05-23,La Liga,Girona,Elche,1-1,AH,HOME,0.5,1.925,44,0-1,-5.59,115,WON,106.38
2026-05-23,La Liga,Valencia,Barcelona,3-1,AH,AWAY,1,2.75,10,0-0,0,60,LOST,-60
2026-05-23,Brazilian Serie A,Sao Paulo,Botafogo,1-1,AH,AWAY,-1,1.85,83,1-0,15.85,200,WON,170
2026-05-23,Brazilian Serie A,Vitoria,Internacional,2-0,AH,AWAY,0,1.775,10,0-0,0,200,LOST,-200
2026-05-23,Brazilian Serie A,Gremio,Santos,3-2,AH,AWAY,0,2.35,13,0-0,0,200,LOST,-200
2026-05-23,Brazilian Serie A,Mirassol,Fluminense,1-0,AH,AWAY,0,2.025,10,0-0,0,200,LOST,-200
2026-05-24,Brazilian Serie A,Flamengo,Palmeiras,0-3,AH,AWAY,-0.5,2,10,0-0,0,200,WON,200
2026-05-24,J1 League,Fagiano Okayama,Cerezo Osaka,2-3,AH,HOME,1,1.875,70,0-2,9.14,6,WON,5.25
2026-05-24,J1 League,Mito Hollyhock,Kawasaki Frontale,1-3,AH,AWAY,0.5,2.375,12,0-0,0,4,WON,5.5
2026-05-24,J1 League,Mito Hollyhock,Kawasaki Frontale,1-3,AH,HOME,1,1.775,60,0-1,3,5,PUSH,0
2026-05-24,J1 League,Shimizu S-pulse,Gamba Osaka,1-2,AH,HOME,1,1.75,77,1-2,11.19,3.5,WON,2.63
2026-05-24,Super League,Qingdao Jonoon,Chongqing Tongliang Long,0-1,AH,HOME,-0.5,2.25,10,0-0,0,200,LOST,-200
2026-05-24,Super League,Yunnan Yukun,Qingdao Youth Island,2-3,AH,AWAY,0,2.6,47,1-1,9.16,200,WON,320
2026-05-24,Eredivisie,Ajax,Utrecht,1-1,AH,HOME,-0.5,2.3,11,0-0,0,4,HALF_LOST,-2
2026-05-24,Super League,Shandong Luneng,Wuhan Three Towns,3-3,AH,HOME,-1,2.075,14,1-1,0,200,LOST,-200
2026-05-24,Super League,Hangzhou Greentown,Shenyang Urban,0-5,AH,HOME,-0.5,1.725,10,0-0,0,200,LOST,-200
2026-05-24,Super League,Shanghai Shenhua,Sichuan Jiuniu,1-2,AH,HOME,-0.5,2.425,32,1-2,-34.62,200,HALF_LOST,-100
2026-05-24,Serie A,Parma,Sassuolo,1-0,AH,AWAY,-1,1.85,80,0-0,9.25,140,PUSH,0
2026-05-24,Serie A,Parma,Sassuolo,1-0,OU,UNDER,1.5,1.727,80,,26.75,500,HALF_WON,181.75
2026-05-24,Premier League,West Ham,Leeds,3-0,AH,AWAY,0,2.6,11,0-0,0,100,LOST,-100
2026-05-24,Premier League,Brighton,Manchester United,0-3,AH,AWAY,0,2.675,10,0-0,0,100,WON,167.5
2026-05-24,Premier League,Brighton,Manchester United,0-3,AH,AWAY,-0.5,2,15,0-0,12,100,WON,100
2026-05-24,Premier League,Fulham,Newcastle,2-0,AH,AWAY,0,2.025,10,0-0,0,100,LOST,-100
2026-05-24,Premier League,Fulham,Newcastle,2-0,AH,AWAY,-1,1.95,19,0-0,9.97,100,LOST,-100
2026-05-24,Premier League,Crystal Palace,Arsenal,1-2,AH,AWAY,1,2.5,17,0-0,-35.76,100,PUSH,0
2026-05-24,Premier League,Crystal Palace,Arsenal,1-2,AH,HOME,1,2.5,43,0-1,-24.43,100,WON,150
2026-05-24,Premier League,Liverpool,Brentford,1-1,AH,AWAY,-1,1.7,10,0-0,0,109,WON,76.3
2026-05-24,Premier League,Liverpool,Brentford,1-1,AH,AWAY,-0.5,2.1,12,0-0,0,91,HALF_WON,50.05
2026-05-24,Premier League,Liverpool,Brentford,1-1,OU,UNDER,3.25,1.91,100,,67.4,500,WON,455
2026-05-24,Premier League,Manchester City,Aston Villa,1-2,AH,AWAY,-1,2.2,13,0-0,0,100,WON,120
2026-05-24,Premier League,Manchester City,Aston Villa,1-2,AH,AWAY,-0.5,2.3,51,1-1,31.7,100,WON,130
2026-05-24,Premier League,Nottingham Forest,Bournemouth,1-1,AH,HOME,0.5,1.875,11,0-0,0,100,HALF_WON,43.75
2026-05-24,Premier League,Nottingham Forest,Bournemouth,1-1,AH,AWAY,-0.5,1.95,34,1-0,1.5,100,WON,95
2026-05-24,Premier League,Nottingham Forest,Bournemouth,1-1,OU,UNDER,3,1.96,65,,42.2,500,WON,480
2026-05-24,Premier League,Sunderland,Chelsea,2-1,AH,AWAY,0,1.725,11,0-0,0,100,LOST,-100
2026-05-24,Premier League,Sunderland,Chelsea,2-1,AH,AWAY,-0.5,2.2,25,0-0,3.5,100,HALF_LOST,-50
2026-05-24,Premier League,Burnley,Wolves,1-1,AH,HOME,0.5,2.075,10,0-1,0,106,WON,113.95
2026-05-24,Premier League,Tottenham,Everton,1-0,AH,AWAY,-0.5,2.025,10,0-0,0,100,HALF_LOST,-50
2026-05-24,Serie A,Napoli,Udinese,1-0,AH,AWAY,-1,1.8,10,0-0,0,100,PUSH,0
2026-05-24,Serie A,Napoli,Udinese,1-0,AH,AWAY,-1.5,2.05,25,1-0,2.5,100,WON,105
2026-05-24,Serie A,Lecce,Genoa,1-0,AH,AWAY,-1,1.8,77,1-0,6.83,144.2,WON,115.36
2026-05-24,Serie A,Lecce,Genoa,1-0,OU,OVER,1.5,2,67,,44.74,500,HALF_LOST,-250
2026-05-24,Serie A,Cremonese,Como,1-4,AH,AWAY,1,2.15,26,0-0,-7.42,100,WON,115
2026-05-24,Serie A,AC Milan,Cagliari,1-2,AH,AWAY,-1,1.925,21,1-1,10.07,114,WON,105.45
2026-05-24,Serie A,AC Milan,Cagliari,1-2,AH,AWAY,-0.5,2.35,43,1-1,4.19,86,WON,116.1
2026-05-24,La Liga,Villarreal,Atletico Madrid,5-1,AH,AWAY,-0.5,2.075,30,0-0,26,60,LOST,-60
2026-05-24,La Liga,Villarreal,Atletico Madrid,5-1,AH,AWAY,-1,1.725,30,1-0,26,140,LOST,-140
2026-05-24,Brazilian Serie A,Remo,Atletico Paranaense,1-2,AH,AWAY,0,2.25,16,1-0,12.25,200,WON,250
2026-05-24,Serie A,Torino,Juventus,2-2,AH,AWAY,1,2.2,14,0-0,0,100,LOST,-100
2026-05-24,Serie A,Torino,Juventus,2-2,AH,HOME,1.5,2,32,0-1,-30.12,100,WON,100
2026-05-24,Brazilian Serie A,Corinthians,Atletico-MG,1-0,AH,AWAY,-0.5,1.95,10,0-0,0,200,HALF_LOST,-100
2026-05-24,Brazilian Serie A,Vasco DA Gama,RB Bragantino,0-3,AH,AWAY,0,2.75,13,0-0,0,200,WON,350
2026-05-28,Primeira Liga,Casa Pia,Torreense,2-0,AH,AWAY,-1,1.85,45,1-0,22.5,8,PUSH,0
2026-05-29,Super League,Shenyang Urban,SHANGHAI SIPG,3-2,AH,AWAY,-1,1.95,10,1-0,0,200,WON,190
2026-05-29,Ligue 1,Nice,Saint Etienne,4-1,AH,AWAY,-0.5,1.8,11,0-0,0,131,LOST,-131
2026-05-30,Super League,Qingdao Youth Island,Shanghai Shenhua,2-2,AH,HOME,0.5,1.95,12,0-1,0,200,WON,190
2026-05-30,Super League,Qingdao Youth Island,Shanghai Shenhua,2-2,OU,OVER,3.5,2.2,50,,37.3,500,HALF_WON,300
2026-05-30,Super League,Henan Jianye,Hangzhou Greentown,0-2,AH,AWAY,0,2.675,25,0-0,30.3,200,WON,335
2026-05-30,Super League,Henan Jianye,Hangzhou Greentown,0-2,OU,UNDER,2.5,1.833,75,,39.8,500,HALF_WON,208.25
2026-05-30,Super League,Chengdu Better City,Shandong Luneng,1-0,AH,AWAY,-1.5,1.775,49,1-0,17.34,200,WON,155
2026-05-30,Super League,Chongqing Tongliang Long,Beijing Guoan,2-3,AH,AWAY,0,1.725,10,0-0,0,200,WON,145
2026-05-30,Super League,Sichuan Jiuniu,Qingdao Jonoon,3-2,AH,AWAY,0,2.3,10,0-0,0,200,LOST,-200
2026-05-30,UEFA Champions League,Paris Saint Germain,Arsenal,1-1,AH,HOME,0.5,2.15,10,0-1,0,5,WON,5.75
2026-05-30,Brazilian Serie A,Flamengo,Coritiba,3-0,AH,AWAY,-1,2.25,10,0-0,0,200,LOST,-200
2026-05-30,Brazilian Serie A,Atletico Paranaense,Mirassol,1-0,AH,AWAY,0,2.6,10,0-0,0,200,LOST,-200
2026-05-30,Brazilian Serie A,Gremio,Corinthians,1-3,AH,AWAY,0,1.775,10,1-0,0,200,WON,155
2026-05-30,Brazilian Serie A,Bahia,Botafogo,2-1,AH,HOME,0.5,1.9,10,0-1,0,200,WON,180
2026-05-31,Super League,Tianjin Teda,Dalian Zhixing,1-0,AH,AWAY,0,1.725,11,1-0,0,200,PUSH,0
2026-05-31,Super League,Wuhan Three Towns,Yunnan Yukun,1-1,AH,AWAY,0,2.3,10,0-0,0,200,PUSH,0
2026-05-31,Brazilian Serie A,RB Bragantino,Internacional,3-1,AH,AWAY,0,2.675,18,0-0,0.5,200,LOST,-200
2026-05-31,Brazilian Serie A,RB Bragantino,Internacional,3-1,OU,OVER,2.5,2.2,53,,25.37,500,WON,600
2026-05-31,Brazilian Serie A,Vasco DA Gama,Atletico-MG,0-1,AH,AWAY,0,2.75,10,0-0,0,200,WON,350
2026-05-31,Brazilian Serie A,Palmeiras,Chapecoense-sc,1-0,AH,AWAY,-1,2.05,17,0-0,0.5,200,PUSH,0
2026-05-31,Brazilian Serie A,Cruzeiro,Fluminense,1-1,AH,HOME,-0.5,1.9,10,0-0,0,200,HALF_LOST,-100
2026-05-31,Brazilian Serie A,Cruzeiro,Fluminense,1-1,OU,UNDER,2.5,1.727,74,,35.39,500,HALF_WON,181.75
2026-05-31,Brazilian Serie A,Remo,Sao Paulo,1-0,AH,HOME,0,2.375,19,0-0,-11.97,200,WON,275
2026-05-31,Brazilian Serie A,Remo,Sao Paulo,1-0,OU,OVER,0.5,2,70,,28.43,500,HALF_WON,250
